"ID","Description","GeneRatio","BgRatio","pvalue","p.adjust","qvalue","geneID","Count"
"R-MMU-8978868","Fatty acid metabolism","21/284","170/8654",1.49926741040167e-07,0.000112295129039085,0.0001092097945261,"Acaca/Acacb/Fasn/Elovl6/Acly/Acot4/Thrsp/Elovl5/Acox1/Hsd17b12/Acad11/Acsl1/Slc25a20/Acot11/Fads1/Crat/Slc27a2/Acaa1b/Hadha/Acot1/Acsl3",21
"R-MMU-75105","Fatty acyl-CoA biosynthesis","9/284","32/8654",5.61745070288622e-07,0.000210373528823089,0.000204593467705119,"Acaca/Fasn/Elovl6/Acly/Elovl5/Hsd17b12/Acsl1/Slc27a2/Acsl3",9
"R-MMU-9861718","Regulation of pyruvate metabolism","8/284","33/8654",8.28038856968683e-06,0.00206733701289848,0.00201053645270993,"Pdk1/Pdha1/Me1/Ubc/Dlat/Pdk2/Pdhb/Ldha",8
"R-MMU-2046104","alpha-linolenic (omega3) and linoleic (omega6) acid metabolism","5/284","13/8654",3.80868015366432e-05,0.00570540287018916,0.00554864561333834,"Elovl5/Acox1/Acsl1/Fads1/Acaa1b",5
"R-MMU-2046106","alpha-linolenic acid (ALA) metabolism","5/284","13/8654",3.80868015366432e-05,0.00570540287018916,0.00554864561333834,"Elovl5/Acox1/Acsl1/Fads1/Acaa1b",5
"R-MMU-70268","Pyruvate metabolism","8/284","43/8654",6.50120937990476e-05,0.00811567637591444,0.00789269629981419,"Pdk1/Pdha1/Me1/Ubc/Dlat/Pdk2/Pdhb/Ldha",8
"R-MMU-204174","Regulation of pyruvate dehydrogenase (PDH) complex","5/284","15/8654",8.41835183363195e-05,0.00900763646198619,0.0087601495772531,"Pdk1/Pdha1/Dlat/Pdk2/Pdhb",5
