"ID","Description","GeneRatio","BgRatio","pvalue","p.adjust","qvalue","geneID","Count"
"R-MMU-3000171","Non-integrin membrane-ECM interactions","6/76","34/8654",4.15484252149775e-07,8.6492799997594e-05,6.68969024693709e-05,"Col5a3/Ddr2/Prkca/Col3a1/Col5a2/Sdc2",6
"R-MMU-9013148","CDC42 GTPase cycle","8/76","84/8654",6.2002007166734e-07,8.6492799997594e-05,6.68969024693709e-05,"Dock10/Dock11/Arhgap10/Dlc1/Arhgap42/Pik3r1/Chn1/Arhgap24",8
"R-MMU-8980692","RHOA GTPase cycle","9/76","134/8654",2.3152166932027e-06,0.000215315152467851,0.000166533130563703,"Arhgap6/Arhgap10/Dlc1/Mcam/Arhgap42/Pik3r1/Arhgap24/Arhgef17/Daam1",9
"R-MMU-186797","Signaling by PDGF","6/76","53/8654",6.21502666857072e-06,0.000433498110132808,0.000335284333436052,"Pdgfrb/Col5a3/Col6a2/Col3a1/Col5a2/Pik3r1",6
"R-MMU-9013149","RAC1 GTPase cycle","9/76","163/8654",1.15728900684472e-05,0.000645767265819352,0.000499461571375088,"Dock10/Dock11/Arhgap10/Dlc1/Mcam/Arhgap42/Pik3r1/Chn1/Arhgap24",9
"R-MMU-419037","NCAM1 interactions","4/76","19/8654",1.92654493527494e-05,0.000831258193175798,0.000642927483874887,"Col5a3/Col6a2/Col3a1/Col5a2",4
"R-MMU-8948216","Collagen chain trimerization","5/76","39/8654",2.08559403305756e-05,0.000831258193175798,0.000642927483874887,"Col5a3/Col6a2/Col15a1/Col3a1/Col5a2",5
"R-MMU-3000178","ECM proteoglycans","5/76","42/8654",3.01883804810465e-05,0.0010528197692765,0.000814291841922964,"Col5a3/Bgn/Col6a2/Col3a1/Col5a2",5
"R-MMU-1474244","Extracellular matrix organization","10/76","241/8654",4.42288617145806e-05,0.00132058691099437,0.00102139338522485,"Col5a3/Ddr2/Bgn/Prkca/Col6a2/Adam19/Col15a1/Col3a1/Col5a2/Sdc2",10
"R-MMU-2022090","Assembly of collagen fibrils and other multimeric structures","5/76","46/8654",4.73328641933465e-05,0.00132058691099437,0.00102139338522485,"Col5a3/Col6a2/Col15a1/Col3a1/Col5a2",5
"R-MMU-1442490","Collagen degradation","5/76","50/8654",7.11891740590566e-05,0.00173751726657055,0.00134386357157881,"Col5a3/Col6a2/Col15a1/Col3a1/Col5a2",5
"R-MMU-418457","cGMP effects","3/76","10/8654",7.47319254438947e-05,0.00173751726657055,0.00134386357157881,"Prkg1/Pde1a/Irag1",3
"R-MMU-1650814","Collagen biosynthesis and modifying enzymes","5/76","56/8654",0.000123190798333145,0.00264386405653442,0.00204486750269593,"Col5a3/Col6a2/Col15a1/Col3a1/Col5a2",5
"R-MMU-9012999","RHO GTPase cycle","12/76","394/8654",0.000147796682470385,0.00294537674351696,0.00227806916589692,"Arhgap6/Dock10/Dock11/Arhgap10/Dlc1/Mcam/Arhgap42/Pik3r1/Chn1/Arhgap24/Arhgef17/Daam1",12
"R-MMU-392154","Nitric oxide stimulates guanylate cyclase","3/76","13/8654",0.000174759735474231,0.00325053107982069,0.00251408742261174,"Prkg1/Pde1a/Irag1",3
"R-MMU-375165","NCAM signaling for neurite out-growth","4/76","34/8654",0.000208615127432251,0.00363772628459988,0.00281355928444813,"Col5a3/Col6a2/Col3a1/Col5a2",4
"R-MMU-9013106","RHOC GTPase cycle","5/76","66/8654",0.000269210144552492,0.00419427768136122,0.00324401782561422,"Dlc1/Mcam/Pik3r1/Arhgef17/Daam1",5
"R-MMU-9013026","RHOB GTPase cycle","5/76","67/8654",0.000288943696808628,0.00419427768136122,0.00324401782561422,"Dlc1/Mcam/Pik3r1/Arhgef17/Daam1",5
"R-MMU-422475","Axon guidance","9/76","247/8654",0.00029179946236643,0.00419427768136122,0.00324401782561422,"Col5a3/Prkca/Col6a2/Col3a1/Col5a2/Pik3r1/Sdc2/Ephb2/Pfn1",9
"R-MMU-9675108","Nervous system development","9/76","248/8654",0.000300665066764245,0.00419427768136122,0.00324401782561422,"Col5a3/Prkca/Col6a2/Col3a1/Col5a2/Pik3r1/Sdc2/Ephb2/Pfn1",9
"R-MMU-1474290","Collagen formation","5/76","70/8654",0.000354775505293409,0.00471344599889815,0.00364556283634831,"Col5a3/Col6a2/Col15a1/Col3a1/Col5a2",5
"R-MMU-8874081","MET activates PTK2 signaling","3/76","17/8654",0.000405133325079606,0.00513782716805501,0.00397379577231193,"Col5a3/Col3a1/Col5a2",3
"R-MMU-421270","Cell-cell junction organization","4/76","48/8654",0.000797654071723569,0.00967589069612504,0.0074837109704042,"Zeb2/Cdh2/Adam19/Pard3",4
"R-MMU-9013423","RAC3 GTPase cycle","5/76","86/8654",0.000915491175508045,0.010642584915281,0.00823138995522584,"Arhgap6/Dock10/Mcam/Arhgap42/Pik3r1",5
"R-MMU-1266738","Developmental Biology","12/76","484/8654",0.000957468013126887,0.0106853430264961,0.00826446074488471,"Cdh2/Col5a3/Prkca/Col6a2/Adam23/Col3a1/Col5a2/Pik3r1/Sdc2/Ephb2/Pfn1/Smad3",12
"R-MMU-1971475","A tetrasaccharide linker sequence is required for GAG synthesis","3/76","23/8654",0.0010159132948946,0.0109015311259844,0.00843166904669606,"Bgn/Cspg4/Sdc2",3
"R-MMU-8875878","MET promotes cell motility","3/76","27/8654",0.00163612249187064,0.0163949968596941,0.012680529546264,"Col5a3/Col3a1/Col5a2",3
"R-MMU-9006936","Signaling by TGFB family members","5/76","98/8654",0.00164537602892987,0.0163949968596941,0.012680529546264,"Pard3/Fstl1/Bmpr1a/Acvr1c/Smad3",5
"R-MMU-6806834","Signaling by MET","4/76","64/8654",0.0023431121343534,0.0225423546718827,0.0174351356639727,"Col5a3/Col3a1/Col5a2/Pik3r1",4
"R-MMU-445355","Smooth Muscle Contraction","3/76","31/8654",0.00245181110170509,0.0228018432458574,0.0176358342403349,"Gucy1a2/Gucy1a1/Gucy1b1",3
"R-MMU-216083","Integrin cell surface interactions","4/76","69/8654",0.00308460572678796,0.0276675578850627,0.021399167577581,"Col5a3/Col6a2/Col3a1/Col5a2",4
"R-MMU-446728","Cell junction organization","4/76","70/8654",0.00325004998263612,0.0276675578850627,0.021399167577581,"Zeb2/Cdh2/Adam19/Pard3",4
"R-MMU-2022923","Dermatan sulfate biosynthesis","2/76","10/8654",0.00327250684662032,0.0276675578850627,0.021399167577581,"Bgn/Cspg4",2
"R-MMU-418346","Platelet homeostasis","4/76","73/8654",0.0037825404981607,0.0310390823231422,0.0240068359790385,"Prkg1/Pde1a/Irag1/Trpc3",4
"R-MMU-1474228","Degradation of the extracellular matrix","5/76","124/8654",0.00457353391282869,0.0339477984597746,0.0262565504027685,"Col5a3/Col6a2/Col15a1/Col3a1/Col5a2",5
"R-MMU-2024101","CS/DS degradation","2/76","12/8654",0.00474539118254914,0.0339477984597746,0.0262565504027685,"Bgn/Cspg4",2
"R-MMU-9759475","Regulation of CDH11 Expression and Function","2/76","12/8654",0.00474539118254914,0.0339477984597746,0.0262565504027685,"Zeb2/Adam19",2
"R-MMU-9759476","Regulation of Homotypic Cell-Cell Adhesion","2/76","12/8654",0.00474539118254914,0.0339477984597746,0.0262565504027685,"Zeb2/Adam19",2
"R-MMU-9764260","Regulation of Expression and Function of Type II Classical Cadherins","2/76","12/8654",0.00474539118254914,0.0339477984597746,0.0262565504027685,"Zeb2/Adam19",2
"R-MMU-418990","Adherens junctions interactions","3/76","40/8654",0.00509299494216397,0.0355236397215937,0.0274753674511477,"Zeb2/Cdh2/Adam19",3
"R-MMU-9013404","RAC2 GTPase cycle","4/76","81/8654",0.00548526046849071,0.037089150551507,0.0286861945408751,"Dock10/Mcam/Arhgap42/Pik3r1",4
"R-MMU-418555","G alpha (s) signalling events","5/76","130/8654",0.00558331298624837,0.037089150551507,0.0286861945408751,"Pde7b/Pde3a/Pde1a/Tshr/Gipr",5
"R-MMU-392517","Rap1 signalling","2/76","14/8654",0.00646898116915681,0.04197315688825,0.0324636753898934,"Prkg1/Rap1gap2",2
"R-MMU-4086400","PCP/CE pathway","4/76","87/8654",0.00705489306854624,0.0447344355937364,0.0345993559581813,"Prkca/Ror1/Pfn1/Daam1",4
"R-MMU-1502540","Signaling by Activin","2/76","15/8654",0.00742197347181098,0.0453385749380936,0.0350666208727002,"Acvr1c/Smad3",2
"R-MMU-1793185","Chondroitin sulfate/dermatan sulfate metabolism","3/76","46/8654",0.00753654312586403,0.0453385749380936,0.0350666208727002,"Bgn/Cspg4/Sdc2",3
"R-MMU-1500931","Cell-Cell communication","4/76","89/8654",0.00763768108276129,0.0453385749380936,0.0350666208727002,"Zeb2/Cdh2/Adam19/Pard3",4
"R-MMU-3000170","Syndecan interactions","2/76","16/8654",0.00843429042386808,0.0490243130887332,0.0379173144055473,"Prkca/Sdc2",2
