"category","subcategory","ID","Description","GeneRatio","BgRatio","RichFactor","FoldEnrichment","zScore","pvalue","p.adjust","qvalue","geneID","Count"
NA,NA,"mmu04820","Cytoskeleton in muscle cells - Mus musculus (house mouse)","12/64","232/9577",0.0517241379310345,7.74003232758621,8.52392513095072,3.31694365553837e-08,6.00366801652445e-06,4.71355151050189e-06,"12835/16404/53867/109676/12111/12834/12825/12832/76441/118449/15529/208846",12
"Metabolism","Nucleotide metabolism","mmu00230","Purine metabolism - Mus musculus (house mouse)","9/64","134/9577",0.0671641791044776,10.050489738806,8.65351980519629,2.25409903837429e-07,2.03995962972873e-05,1.60159668516068e-05,"29863/14198/54611/234889/60596/18573/218461/11534/54195",9
"Organismal Systems","Endocrine system","mmu04924","Renin secretion - Mus musculus (house mouse)","7/64","76/9577",0.0921052631578947,13.7826891447368,9.17630144970838,6.47272128750907e-07,3.90520851013047e-05,3.06602587303061e-05,"54611/12288/234889/60596/18573/54195/13617",7
"Organismal Systems","Circulatory system","mmu04270","Vascular smooth muscle contraction - Mus musculus (house mouse)","8/64","144/9577",0.0555555555555556,8.31336805555556,7.25265579342278,4.6755217372535e-06,0.000211567358610721,0.000166104061718216,"19091/12288/234889/60596/17540/18750/54195/13617",8
"Environmental Information Processing","Signal transduction","mmu04022","cGMP-PKG signaling pathway - Mus musculus (house mouse)","8/64","172/9577",0.0465116279069767,6.96002906976744,6.46928834732562,1.72869619194142e-05,0.000625788021482796,0.000491313654551773,"19091/54611/12288/234889/60596/17540/54195/13617",8
"Cellular Processes","Cellular community - eukaryotes","mmu04540","Gap junction - Mus musculus (house mouse)","6/64","86/9577",0.0697674418604651,10.4400436046512,7.21257839457661,2.17272293313669e-05,0.00065543808482957,0.000514592273637638,"19091/18596/234889/60596/18750/54195",6
"Organismal Systems","Nervous system","mmu04730","Long-term depression - Mus musculus (house mouse)","5/64","60/9577",0.0833333333333333,12.4700520833333,7.30994800394167,4.67961409656694e-05,0.00109504699171529,0.000859734480264981,"19091/234889/60596/18750/54195",5
"Organismal Systems","Environmental adaptation","mmu04713","Circadian entrainment - Mus musculus (house mouse)","6/64","99/9577",0.0606060606060606,9.06912878787879,6.61925633185429,4.83998670371397e-05,0.00109504699171529,0.000859734480264981,"19091/12288/234889/60596/18750/54195",6
"Organismal Systems","Digestive system","mmu04974","Protein digestion and absorption - Mus musculus (house mouse)","6/64","108/9577",0.0555555555555556,8.31336805555556,6.26903301852608,7.88778122439764e-05,0.00158632044623997,0.00124543914069436,"12835/53867/12834/12819/12825/12832",6
"Organismal Systems","Immune system","mmu04611","Platelet activation - Mus musculus (house mouse)","6/64","126/9577",0.0476190476190476,7.12574404761905,5.67712615399521,0.000184900781068445,0.00334670413733885,0.00262753741518316,"19091/234889/60596/12825/18708/54195",6
"Organismal Systems","Digestive system","mmu04970","Salivary secretion - Mus musculus (house mouse)","5/64","87/9577",0.0574712643678161,8.60003591954023,5.84070769855225,0.000275672106644893,0.0045360592093387,0.00356131429636943,"19091/234889/60596/18750/54195",5
"Human Diseases","Substance dependence","mmu05032","Morphine addiction - Mus musculus (house mouse)","5/64","92/9577",0.0543478260869565,8.13264266304348,5.63831091088287,0.000357621563908492,0.00523011021699311,0.00410622203718564,"29863/54611/18573/18750/218461",5
"Cellular Processes","Cellular community - eukaryotes","mmu04510","Focal adhesion - Mus musculus (house mouse)","7/64","202/9577",0.0346534653465347,5.18556621287129,4.93136979109492,0.000375643275253649,0.00523011021699311,0.00410622203718564,"12835/18596/16404/18750/12834/192176/18708",7
"Environmental Information Processing","Signal transduction","mmu04024","cAMP signaling pathway - Mus musculus (house mouse)","7/64","224/9577",0.03125,4.67626953125,4.56645512498244,0.00069770420196427,0.00902031861110949,0.00708195994475011,"54611/12288/18708/22095/381853/13617/14634",7
"Environmental Information Processing","Signal transduction","mmu04310","Wnt signaling pathway - Mus musculus (house mouse)","6/64","175/9577",0.0342857142857143,5.13053571428571,4.523124998598,0.00106518037683201,0.0128531765471062,0.0100911825173559,"18750/26563/76441/494504/208846/17127",6
"Organismal Systems","Development and regeneration","mmu04360","Axon guidance - Mus musculus (house mouse)","6/64","181/9577",0.0331491712707182,4.96046270718232,4.4120153923316,0.00126773146578186,0.0143412122066573,0.0112594570974047,"18750/22065/20356/93742/18708/13844",6
"Environmental Information Processing","Signal transduction","mmu04020","Calcium signaling pathway - Mus musculus (house mouse)","7/64","255/9577",0.0274509803921569,4.1077818627451,4.12562144642662,0.00148752225580931,0.0158377369589109,0.0124343965655887,"18596/12288/18573/18212/18750/18049/13617",7
"Environmental Information Processing","Signal transduction","mmu04151","PI3K-Akt signaling pathway - Mus musculus (house mouse)","8/64","367/9577",0.0217983651226158,3.26192098092643,3.62413154896219,0.00292074300190488,0.0281736610193373,0.0221194779738909,"12835/18596/16404/18212/18750/12834/18049/18708",8
"Environmental Information Processing","Signal transduction","mmu04015","Rap1 signaling pathway - Mus musculus (house mouse)","6/64","214/9577",0.0280373831775701,4.19553154205607,3.87762485945373,0.00295745612910171,0.0281736610193373,0.0221194779738909,"18596/18750/93742/18049/18708/18643",6
"Organismal Systems","Endocrine system","mmu04921","Oxytocin signaling pathway - Mus musculus (house mouse)","5/64","154/9577",0.0324675324675325,4.85846185064935,3.95916209446988,0.00358178410287954,0.0324151461310599,0.0254495186257231,"12288/234889/60596/18750/54195",5
"Human Diseases","Endocrine and metabolic disease","mmu04933","AGE-RAGE signaling pathway in diabetic complications - Mus musculus (house mouse)","4/64","101/9577",0.0396039603960396,5.92636138613861,4.08223249732557,0.00456209257152319,0.0393208931164618,0.0308713031155705,"18750/12825/18708/17127",4
