"ID","Description","GeneRatio","BgRatio","pvalue","p.adjust","qvalue","geneID","Count"
"R-MMU-400451","Free fatty acids regulate insulin secretion","2/24","11/8654",0.000399291479297527,0.0257294785548367,0.0203888239287293,"Cd36/Plcb1",2
"R-MMU-422356","Regulation of insulin secretion","3/24","60/8654",0.000578190529322174,0.0257294785548367,0.0203888239287293,"Cd36/Plcb1/Rapgef4",3
"R-MMU-163685","Integration of energy metabolism","3/24","71/8654",0.00094657942303293,0.0280818562166436,0.0222529197695461,"Cd36/Plcb1/Rapgef4",3
"R-MMU-114508","Effects of PIP2 hydrolysis","2/24","24/8654",0.00196008931321658,0.0409449836388958,0.0324460544506921,"Mgll/Prkch",2
"R-MMU-9748787","Azathioprine ADME","2/24","26/8654",0.00230027997971325,0.0409449836388958,0.0324460544506921,"Xdh/Slc28a2",2
"R-MMU-6794361","Neurexins and neuroligins","2/24","30/8654",0.00305808010518128,0.045361521560189,0.0359458538679203,"Shank3/Epb41",2
