"ID","Description","GeneRatio","BgRatio","pvalue","p.adjust","qvalue","geneID","Count"
"R-MMU-6809371","Formation of the cornified envelope","4/22","85/8654",5.5407285096722e-05,0.00476502651831809,0.00355773093778952,"Krt8/Krt18/Krt19/Krt7",4
"R-MMU-844456","The NLRP3 inflammasome","2/22","10/8654",0.000274229733025468,0.0108814691789044,0.00812447515193596,"Txn1/Hsp90ab1",2
"R-MMU-622312","Inflammasomes","2/22","14/8654",0.000551146385873492,0.0108814691789044,0.00812447515193596,"Txn1/Hsp90ab1",2
"R-MMU-9711123","Cellular response to chemical stress","4/22","159/8654",0.000619949647778925,0.0108814691789044,0.00812447515193596,"Gpx3/Cox6a1/Txn1/Cox7b",4
"R-MMU-6805567","Keratinization","4/22","162/8654",0.000665207593688134,0.0108814691789044,0.00812447515193596,"Krt8/Krt18/Krt19/Krt7",4
"R-MMU-5628897","TP53 Regulates Metabolic Genes","3/22","72/8654",0.000759172268295655,0.0108814691789044,0.00812447515193596,"Cox6a1/Txn1/Cox7b",3
"R-MMU-611105","Respiratory electron transport","3/22","102/8654",0.00208032512155201,0.0255582800647819,0.0190826815661162,"Cox6a1/Cox7b/Uqcr10",3
"R-MMU-3299685","Detoxification of Reactive Oxygen Species","2/22","34/8654",0.00329475846472612,0.0354186534958057,0.0264447718879333,"Gpx3/Txn1",2
"R-MMU-163200","Respiratory electron transport, ATP synthesis by chemiosmotic coupling, and heat production by uncoupling proteins.","3/22","126/8654",0.00379114171300334,0.0362264652575875,0.027047911636632,"Cox6a1/Cox7b/Uqcr10",3
"R-MMU-168643","Nucleotide-binding domain, leucine rich repeat containing receptor (NLR) signaling pathways","2/22","44/8654",0.00547117323369977,0.047052089809818,0.0351306912900722,"Txn1/Hsp90ab1",2
"R-MMU-1266738","Developmental Biology","5/22","484/8654",0.00638529684408,0.04992141169008,0.0372730246400842,"Krt8/Krt18/Krt19/Krt7/Hsp90ab1",5
