"ID","Description","GeneRatio","BgRatio","pvalue","p.adjust","qvalue","geneID","Count"
"R-MMU-75105","Fatty acyl-CoA biosynthesis","5/109","32/8654",4.43982246316069e-05,0.0191800330408542,0.0178527597992356,"Acaca/Fasn/Acsl1/Elovl6/Hsd17b12",5
"R-MMU-9006934","Signaling by Receptor Tyrosine Kinases","15/109","407/8654",0.00016510463485274,0.0315245888896111,0.0293430627578739,"Pcsk5/Kit/Src/Itgav/Nedd4/Galnt3/Pik3cb/Sgk1/Ntrk3/Irs1/Vegfa/Pag1/Axl/Lama4/Areg",15
"R-MMU-216083","Integrin cell surface interactions","6/109","69/8654",0.000218920756177855,0.0315245888896111,0.0293430627578739,"Itgb5/F11r/Itga6/Itgav/Col7a1/Itgal",6
"R-MMU-166520","Signaling by NTRKs","6/109","74/8654",0.000321527317789984,0.0347249503213183,0.0323219566830984,"Pcsk5/Src/Pik3cb/Sgk1/Ntrk3/Irs1",6
