"category","subcategory","ID","Description","GeneRatio","BgRatio","RichFactor","FoldEnrichment","zScore","pvalue","p.adjust","qvalue","geneID","Count"
NA,NA,"mmu03273","Virion - Lassa virus and SFTS virus - Mus musculus (house mouse)","5/83","21/9577",0.238095238095238,27.4727481353987,11.354737687183,7.90013291100068e-07,0.000154052591764513,0.00011725460425801,"170779/170786/69142/22042/18187",5
"Genetic Information Processing","Information processing in viruses","mmu03260","Virion - Human immunodeficiency virus - Mus musculus (house mouse)","3/83","10/9577",0.3,34.6156626506024,9.94398111717238,7.20963580504004e-05,0.00686621795691437,0.00522610921416965,"170779/170786/69142",3
"Cellular Processes","Transport and catabolism","mmu04144","Endocytosis - Mus musculus (house mouse)","10/83","270/9577",0.037037037037037,4.2735385988398,5.10153643182942,0.000106416909708626,0.00686621795691437,0.00522610921416965,"234353/107568/13858/14276/13429/13196/11772/22042/106572/52055",10
"Genetic Information Processing","Information processing in viruses","mmu03264","Virion - Flavivirus and Alphavirus - Mus musculus (house mouse)","3/83","13/9577",0.230769230769231,26.6274328081557,8.64497013222497,0.00016862797114992,0.00686621795691437,0.00522610921416965,"170779/170786/69142",3
"Organismal Systems","Excretory system","mmu04961","Endocrine and other factor-regulated calcium reabsorption - Mus musculus (house mouse)","5/83","61/9577",0.0819672131147541,9.4578313253012,6.19588319417961,0.000176056870690112,0.00686621795691437,0.00522610921416965,"11515/13429/11772/67972/18750",5
"Environmental Information Processing","Signal transduction","mmu04020","Calcium signaling pathway - Mus musculus (house mouse)","9/83","255/9577",0.0352941176470588,4.07243090007087,4.64947767100384,0.000343968504769827,0.00990289527776194,0.0075374263652601,"11515/14182/19055/13618/19204/67972/18750/54635/15465",9
"Genetic Information Processing","Information processing in viruses","mmu03265","Virion - Ebolavirus, Lyssavirus and Morbillivirus - Mus musculus (house mouse)","3/83","17/9577",0.176470588235294,20.3621545003544,7.4706036725074,0.000391015842977742,0.00990289527776194,0.0075374263652601,"170779/170786/69142",3
"Organismal Systems","Immune system","mmu04625","C-type lectin receptor signaling pathway - Mus musculus (house mouse)","6/83","112/9577",0.0535714285714286,6.18136833046472,5.15703014052099,0.000406272626779977,0.00990289527776194,0.0075374263652601,"170779/19055/170786/69810/69142/26416",6
"Cellular Processes","Cellular community - eukaryotes","mmu04540","Gap junction - Mus musculus (house mouse)","5/83","86/9577",0.0581395348837209,6.70846175399272,4.97185936723648,0.000870404460849542,0.0188587633184067,0.0143540384771679,"19091/11515/14745/18750/54635",5
"Environmental Information Processing","Signal transduction","mmu04015","Rap1 signaling pathway - Mus musculus (house mouse)","7/83","214/9577",0.0327102803738318,3.77429343542394,3.83758731947709,0.0024864719174104,0.0484862023895027,0.0369044779320911,"11515/14182/16000/14745/18750/54635/26416",7
