"ID","Description","GeneRatio","BgRatio","pvalue","p.adjust","qvalue","geneID","Count"
"R-MMU-9012999","RHO GTPase cycle","16/85","394/8654",1.10285218028817e-06,0.000355118402052792,0.000313442198608218,"Plekhg5/Arhgef3/Ophn1/Iqgap2/Stard8/Arhgap10/Add3/Arhgap12/Arhgap23/Itsn1/Rhobtb1/Abi1/Dock1/Tfrc/Dock2/Wasf2",16
"R-MMU-9013149","RAC1 GTPase cycle","10/85","163/8654",3.95824190543078e-06,0.000637276946774355,0.000562487007613847,"Ophn1/Iqgap2/Arhgap10/Arhgap12/Arhgap23/Abi1/Dock1/Tfrc/Dock2/Wasf2",10
"R-MMU-8980692","RHOA GTPase cycle","8/85","134/8654",4.73751108191532e-05,0.00442119661307361,0.00390233110666844,"Plekhg5/Arhgef3/Ophn1/Stard8/Arhgap10/Arhgap23/Tfrc/Dock2",8
"R-MMU-9013408","RHOG GTPase cycle","6/85","69/8654",5.4921697056815e-05,0.00442119661307361,0.00390233110666844,"Ophn1/Iqgap2/Itsn1/Dock1/Tfrc/Dock2",6
"R-MMU-9013404","RAC2 GTPase cycle","6/85","81/8654",0.000135368283921173,0.00871771748452357,0.00769461824394038,"Ophn1/Abi1/Dock1/Tfrc/Dock2/Wasf2",6
"R-MMU-8856828","Clathrin-mediated endocytosis","7/85","133/8654",0.00031508350187384,0.0169094812672294,0.0149250079834977,"Eps15/Dnm1/Ap2a2/Reps2/Itsn1/Snx9/Tfrc",7
"R-MMU-194138","Signaling by VEGF","6/85","100/8654",0.000428647052441872,0.0197177644123261,0.0174037149111737,"Prkca/Abi1/Dock1/Wasf2/Nrp2/Mapk14",6
"R-MMU-9006934","Signaling by Receptor Tyrosine Kinases","12/85","407/8654",0.00057961802839076,0.0233296256427281,0.0205916931138823,"Fgfr1/Wwp1/Eps15/Igf1/Ap2a2/Prkca/Pdgfc/Abi1/Dock1/Wasf2/Nrp2/Mapk14",12
