"category","subcategory","ID","Description","GeneRatio","BgRatio","RichFactor","FoldEnrichment","zScore","pvalue","p.adjust","qvalue","geneID","Count"
"Environmental Information Processing","Signal transduction","mmu04152","AMPK signaling pathway - Mus musculus (house mouse)","9/114","127/9577",0.0708661417322835,5.95337753833402,6.16761791140006,1.91550865752195e-05,0.0025005085887509,0.00200247127437637,"231991/20249/107476/14104/100705/18534/16890/74769/16367",9
"Environmental Information Processing","Signal transduction","mmu04151","PI3K-Akt signaling pathway - Mus musculus (house mouse)","15/114","367/9577",0.0408719346049046,3.43360103255414,5.21774285841068,2.7800952635846e-05,0.0025005085887509,0.00200247127437637,"14600/231991/16419/16590/18534/15516/16403/16410/19116/74769/20393/16367/22339/16775/11839",15
"Organismal Systems","Endocrine system","mmu04915","Estrogen signaling pathway - Mus musculus (house mouse)","9/114","134/9577",0.0671641791044776,5.64238020424195,5.93975024782289,2.94177481029518e-05,0.0025005085887509,0.00200247127437637,"231991/16669/15481/16668/224129/20779/15516/74769/18667",9
"Environmental Information Processing","Signaling molecules and interaction","mmu04514","Cell adhesion molecules - Mus musculus (house mouse)","10/114","181/9577",0.0552486187845304,4.64136861490743,5.42828326442441,5.64543097014639e-05,0.00327944279507154,0.00262626172236895,"320840/16456/22329/54725/18191/16403/16410/16408/192167/14972",10
"Metabolism","Lipid metabolism","mmu00061","Fatty acid biosynthesis - Mus musculus (house mouse)","4/114","19/9577",0.210526315789474,17.6860572483841,7.99055768307118,6.43027999033634e-05,0.00327944279507154,0.00262626172236895,"107476/14104/100705/14081",4
"Metabolism","Global and overview maps","mmu01212","Fatty acid metabolism - Mus musculus (house mouse)","6/114","62/9577",0.0967741935483871,8.12988115449915,6.1816414817432,8.90747800978625e-05,0.00378567815415915,0.00303166795420795,"20249/107476/14104/14081/170439/56348",6
"Metabolism","Carbohydrate metabolism","mmu00620","Pyruvate metabolism - Mus musculus (house mouse)","5/114","44/9577",0.113636363636364,9.54645135566188,6.23630634946946,0.000164117025702255,0.00597854879343929,0.00478777488514849,"107476/100705/17436/18534/18563",5
"Organismal Systems","Endocrine system","mmu04910","Insulin signaling pathway - Mus musculus (house mouse)","8/114","140/9577",0.0571428571428571,4.80050125313283,4.97184973828711,0.000255223399087448,0.00759128758503391,0.0060792973849188,"107476/14104/100705/18534/16890/74769/216233/16367",8
"Human Diseases","Endocrine and metabolic disease","mmu04936","Alcoholic liver disease - Mus musculus (house mouse)","8/114","141/9577",0.0567375886524823,4.76645514495458,4.94513855431009,0.000267927797118844,0.00759128758503391,0.0060792973849188,"20249/107476/14104/100705/13106/64898/21416/12266",8
"Human Diseases","Endocrine and metabolic disease","mmu04931","Insulin resistance - Mus musculus (house mouse)","7/114","110/9577",0.0636363636363636,5.34601275917065,5.03165928308033,0.000326411608790442,0.00832349602415628,0.00666566864266798,"231991/100705/58805/26457/18534/74769/16367",7
"Organismal Systems","Endocrine system","mmu04923","Regulation of lipolysis in adipocytes - Mus musculus (house mouse)","5/114","57/9577",0.087719298245614,7.36919052016005,5.29338238712884,0.000559611680960044,0.0129728162404374,0.0103889632637558,"11770/224129/16890/74769/16367",5
"Organismal Systems","Endocrine system","mmu03320","PPAR signaling pathway - Mus musculus (house mouse)","6/114","89/9577",0.0674157303370786,5.6635127143702,4.85121927056911,0.000649179462204528,0.0137950635718462,0.011047439970849,"11770/20249/17436/26457/14081/18534",6
"Cellular Processes","Transport and catabolism","mmu04148","Efferocytosis - Mus musculus (house mouse)","8/114","163/9577",0.049079754601227,4.12312991066624,4.41394410420357,0.000707844689108826,0.013884645824827,0.01111917973175,"16419/171285/70676/13051/16410/20393/17304/26362",8
"Organismal Systems","Endocrine system","mmu04926","Relaxin signaling pathway - Mus musculus (house mouse)","7/114","130/9577",0.0538461538461538,4.52354925775978,4.43951103609416,0.000891817335441882,0.0162438157526914,0.0130084633891523,"231991/11475/224129/20779/21812/74769/22339",7
"Organismal Systems","Endocrine system","mmu04935","Growth hormone synthesis, secretion and action - Mus musculus (house mouse)","6/114","117/9577",0.0512820512820513,4.30814215024741,3.95149648384654,0.00267106125976989,0.0454080414160881,0.036363921711955,"14600/231991/224129/74769/216233/16367",6
