"ID","Description","GeneRatio","BgRatio","pvalue","p.adjust","qvalue","geneID","Count"
"R-MMU-1474228","Degradation of the extracellular matrix","5/29","124/8654",5.02177679119347e-05,0.00833614947338116,0.00623757538274557,"Col15a1/Col5a3/Fbn2/Adamts5/Col5a2",5
"R-MMU-1474244","Extracellular matrix organization","6/29","241/8654",0.000121534670887858,0.0100873776836922,0.00754794271829857,"Col15a1/Col5a3/Fbn2/Adamts5/Col5a2/Ddr2",6
"R-MMU-3000171","Non-integrin membrane-ECM interactions","3/29","34/8654",0.000188824018803927,0.0104482623738173,0.00781797691889942,"Col5a3/Col5a2/Ddr2",3
"R-MMU-8948216","Collagen chain trimerization","3/29","39/8654",0.000285150342515775,0.0118337392144047,0.00885466853075301,"Col15a1/Col5a3/Col5a2",3
"R-MMU-2022090","Assembly of collagen fibrils and other multimeric structures","3/29","46/8654",0.0004662329631535,0.012928388529188,0.00967374664834615,"Col15a1/Col5a3/Col5a2",3
"R-MMU-1442490","Collagen degradation","3/29","50/8654",0.00059659248582523,0.012928388529188,0.00967374664834615,"Col15a1/Col5a3/Col5a2",3
"R-MMU-9759475","Regulation of CDH11 Expression and Function","2/29","12/8654",0.000700936727486098,0.012928388529188,0.00967374664834615,"Zeb2/Adam33",2
"R-MMU-9759476","Regulation of Homotypic Cell-Cell Adhesion","2/29","12/8654",0.000700936727486098,0.012928388529188,0.00967374664834615,"Zeb2/Adam33",2
"R-MMU-9764260","Regulation of Expression and Function of Type II Classical Cadherins","2/29","12/8654",0.000700936727486098,0.012928388529188,0.00967374664834615,"Zeb2/Adam33",2
"R-MMU-1650814","Collagen biosynthesis and modifying enzymes","3/29","56/8654",0.000832439309345044,0.0138184925351277,0.01033977247397,"Col15a1/Col5a3/Col5a2",3
"R-MMU-8874081","MET activates PTK2 signaling","2/29","17/8654",0.0014294236728525,0.0215713026994105,0.0161408606121144,"Col5a3/Col5a2",2
"R-MMU-1474290","Collagen formation","3/29","70/8654",0.00159292119494383,0.0220354098633896,0.0164881316669624,"Col15a1/Col5a3/Col5a2",3
"R-MMU-419037","NCAM1 interactions","2/29","19/8654",0.00178983981137205,0.0228548775913662,0.0171013034608828,"Col5a3/Col5a2",2
"R-MMU-392170","ADP signalling through P2Y purinoceptor 12","2/29","22/8654",0.00240284205566565,0.0265914520826998,0.0198972184258629,"Gng2/Gnai1",2
"R-MMU-400042","Adrenaline,noradrenaline inhibits insulin secretion","2/29","22/8654",0.00240284205566565,0.0265914520826998,0.0198972184258629,"Gng2/Gnai1",2
"R-MMU-8875878","MET promotes cell motility","2/29","27/8654",0.00361339607730474,0.0374889843020367,0.0280513642843394,"Col5a3/Col5a2",2
