"category","subcategory","ID","Description","GeneRatio","BgRatio","RichFactor","FoldEnrichment","zScore","pvalue","p.adjust","qvalue","geneID","Count"
"Organismal Systems","Endocrine system","mmu03320","PPAR signaling pathway - Mus musculus (house mouse)","8/94","89/9577",0.0898876404494382,9.15802055940712,7.69795877534098,2.34660017511402e-06,0.000509212237999743,0.000464379824127828,"11770/20249/26457/18534/13167/14081/11450/17436",8
"Human Diseases","Endocrine and metabolic disease","mmu04936","Alcoholic liver disease - Mus musculus (house mouse)","9/94","141/9577",0.0638297872340425,6.50316885468538,6.55407714550839,9.26266257261529e-06,0.00100499888912876,0.00091651608613246,"20249/100705/14104/107476/13106/15139/11450/18035/14245",9
"Metabolism","Global and overview maps","mmu01212","Fatty acid metabolism - Mus musculus (house mouse)","6/94","62/9577",0.0967741935483871,9.85964310226493,6.96772169885431,3.00654357219714e-05,0.00163484519865325,0.00149090903394039,"20249/14104/107476/170439/14081/70757",6
"Metabolism","Lipid metabolism","mmu00061","Fatty acid biosynthesis - Mus musculus (house mouse)","4/94","19/9577",0.210526315789474,21.4490481522956,8.88279225414652,3.01353953668802e-05,0.00163484519865325,0.00149090903394039,"100705/14104/107476/14081",4
"Metabolism","Carbohydrate metabolism","mmu00620","Pyruvate metabolism - Mus musculus (house mouse)","5/94","44/9577",0.113636363636364,11.5776112185687,7.0013576357757,6.56785723692729e-05,0.00285045004082644,0.00259948875903648,"100705/107476/18534/60525/17436",5
"Metabolism","Carbohydrate metabolism","mmu00640","Propanoate metabolism - Mus musculus (house mouse)","4/94","31/9577",0.129032258064516,13.1461908030199,6.74362405640739,0.00022354578923466,0.00808490604398687,0.00737308918879229,"100705/107476/60525/52665",4
"Metabolism","Lipid metabolism","mmu01040","Biosynthesis of unsaturated fatty acids - Mus musculus (house mouse)","4/94","34/9577",0.117647058823529,11.9862327909887,6.38894153627394,0.000322152498525229,0.0099867274542821,0.00910746913123956,"20249/170439/70025/70757",4
"Organismal Systems","Endocrine system","mmu04920","Adipocytokine signaling pathway - Mus musculus (house mouse)","5/94","72/9577",0.0694444444444444,7.07520685579196,5.15150798966772,0.000681701051728017,0.0184911410281225,0.0168631312795878,"100705/18534/14081/11450/18035",5
"Human Diseases","Endocrine and metabolic disease","mmu04930","Type II diabetes mellitus - Mus musculus (house mouse)","4/94","48/9577",0.0833333333333333,8.49024822695035,5.17936223578563,0.00121721847402622,0.0293484898737433,0.0267645699551964,"216233/12291/11450/12288",4
"Environmental Information Processing","Signal transduction","mmu04152","AMPK signaling pathway - Mus musculus (house mouse)","6/94","127/9577",0.047244094488189,4.81336907354666,4.30703019604636,0.00151779699919548,0.0329361948825419,0.0300364037735526,"20249/100705/14104/107476/18534/11450",6
"Organismal Systems","Endocrine system","mmu04915","Estrogen signaling pathway - Mus musculus (house mouse)","6/94","134/9577",0.0447761194029851,4.56192442045094,4.13395004814101,0.00199529600753803,0.039361748512341,0.0358962343939855,"16668/268527/15516/16669/271849/18667",6
"Organismal Systems","Endocrine system","mmu04910","Insulin signaling pathway - Mus musculus (house mouse)","6/94","140/9577",0.0428571428571429,4.36641337386018,3.99482357370747,0.00248845166926281,0.0449995010191691,0.0410376240194218,"100705/14104/107476/18534/216233/271849",6
