"ID","Description","GeneRatio","BgRatio","pvalue","p.adjust","qvalue","geneID","Count"
"R-MMU-1474244","Extracellular matrix organization","9/49","241/8654",6.74003028934568e-06,0.0010177445736912,0.000801708865995855,"Adamts5/Col14a1/Pcolce2/Ddr2/Col5a3/Col3a1/Nid1/Adam19/Emilin2",9
"R-MMU-9759475","Regulation of CDH11 Expression and Function","3/49","12/8654",3.62117865584111e-05,0.00136699494258002,0.00107682417923696,"Zeb2/Adam19/Adam33",3
"R-MMU-9759476","Regulation of Homotypic Cell-Cell Adhesion","3/49","12/8654",3.62117865584111e-05,0.00136699494258002,0.00107682417923696,"Zeb2/Adam19/Adam33",3
"R-MMU-9764260","Regulation of Expression and Function of Type II Classical Cadherins","3/49","12/8654",3.62117865584111e-05,0.00136699494258002,0.00107682417923696,"Zeb2/Adam19/Adam33",3
"R-MMU-418990","Adherens junctions interactions","4/49","40/8654",7.13694916375624e-05,0.00215535864745439,0.00169784264316728,"Zeb2/Adam19/Nectin3/Adam33",4
"R-MMU-421270","Cell-cell junction organization","4/49","48/8654",0.000146983770136086,0.00369909154842484,0.00291388877638206,"Zeb2/Adam19/Nectin3/Adam33",4
"R-MMU-1650814","Collagen biosynthesis and modifying enzymes","4/49","56/8654",0.000268378508019813,0.00578930781585597,0.00456041675281788,"Col14a1/Pcolce2/Col5a3/Col3a1",4
"R-MMU-1474290","Collagen formation","4/49","70/8654",0.000632159164946637,0.0106062259896602,0.00835485212151696,"Col14a1/Pcolce2/Col5a3/Col3a1",4
"R-MMU-446728","Cell junction organization","4/49","70/8654",0.000632159164946637,0.0106062259896602,0.00835485212151696,"Zeb2/Adam19/Nectin3/Adam33",4
"R-MMU-5173214","O-glycosylation of TSR domain-containing proteins","3/49","33/8654",0.000826002418443064,0.0123867323100601,0.00975741199746808,"Adamts5/Thsd7a/Adamtsl1",3
"R-MMU-3000171","Non-integrin membrane-ECM interactions","3/49","34/8654",0.000902344737818951,0.0123867323100601,0.00975741199746808,"Ddr2/Col5a3/Col3a1",3
"R-MMU-8948216","Collagen chain trimerization","3/49","39/8654",0.00135099629646807,0.0170000367305566,0.0133914545176221,"Col14a1/Col5a3/Col3a1",3
"R-MMU-1500931","Cell-Cell communication","4/49","89/8654",0.00155595102305942,0.0180729695755363,0.0142366368911509,"Zeb2/Adam19/Nectin3/Adam33",4
"R-MMU-2022090","Assembly of collagen fibrils and other multimeric structures","3/49","46/8654",0.00218255557968488,0.0235404208951726,0.0185435173311572,"Col14a1/Col5a3/Col3a1",3
"R-MMU-8874081","MET activates PTK2 signaling","2/49","17/8654",0.0040459366609224,0.0407290957199522,0.0320835679076653,"Col5a3/Col3a1",2
"R-MMU-419037","NCAM1 interactions","2/49","19/8654",0.0050506019378136,0.0459508335243433,0.0361968922150631,"Col5a3/Col3a1",2
"R-MMU-1474228","Degradation of the extracellular matrix","4/49","124/8654",0.005173272648436,0.0459508335243433,0.0361968922150631,"Adamts5/Col5a3/Col3a1/Nid1",4
"R-MMU-5620916","VxPx cargo-targeting to cilium","2/49","20/8654",0.00559158525130748,0.0469071873859684,0.0369502417191664,"Asap1/Exoc4",2
