"ID","Description","GeneRatio","BgRatio","RichFactor","FoldEnrichment","zScore","pvalue","p.adjust","qvalue","geneID","Count"
"GO:0006631","fatty acid metabolic process","22/152","465/28905",0.0473118279569892,8.99702886247878,12.6400714813729,5.60432870647553e-15,1.64711220683316e-11,1.25359984223795e-11,"Fabp4/Scd1/Acacb/Fasn/Acaca/Slc27a1/Cyp2e1/Pck1/Mlxipl/Elovl6/Fmo1/Ces1d/Gpam/Dbi/Abhd2/Acss2/Acsl1/Adipoq/Acot7/Hacd2/Echdc1/Lpin1",22
"GO:0006639","acylglycerol metabolic process","12/152","152/28905",0.0789473684210526,15.0129847645429,12.5941843968527,3.11560701102508e-11,2.42543473717064e-08,1.84597296484218e-08,"Scd1/Slc27a1/Cyp2e1/Thrsp/Pck1/Ces1d/Gpam/Cidec/Dbi/Abhd2/Acsl1/Lpin1",12
"GO:0006638","neutral lipid metabolic process","12/152","154/28905",0.0779220779220779,14.818010936432,12.5008228626572,3.63371972685054e-11,2.42543473717064e-08,1.84597296484218e-08,"Scd1/Slc27a1/Cyp2e1/Thrsp/Pck1/Ces1d/Gpam/Cidec/Dbi/Abhd2/Acsl1/Lpin1",12
"GO:0106106","cold-induced thermogenesis","12/152","155/28905",0.0774193548387097,14.7224108658744,12.4547934369546,3.92102046457291e-11,2.42543473717064e-08,1.84597296484218e-08,"Fabp4/Rbpj/Scd1/Lcn2/Elovl6/Oxtr/Ces1d/Prlr/Acsl1/Adipoq/Plac8/Lpin1",12
"GO:0001659","temperature homeostasis","13/152","196/28905",0.0663265306122449,12.6129497851772,11.8609844694263,4.12629250964722e-11,2.42543473717064e-08,1.84597296484218e-08,"Fabp4/Rbpj/Scd1/Slc27a1/Lcn2/Elovl6/Oxtr/Ces1d/Prlr/Acsl1/Adipoq/Plac8/Lpin1",13
"GO:1990845","adaptive thermogenesis","12/152","174/28905",0.0689655172413793,13.1147912885662,11.6539828793803,1.51421312621316e-10,6.4242621066721e-08,4.88943857619964e-08,"Fabp4/Rbpj/Scd1/Lcn2/Elovl6/Oxtr/Ces1d/Prlr/Acsl1/Adipoq/Plac8/Lpin1",12
"GO:0120162","positive regulation of cold-induced thermogenesis","10/152","101/28905",0.099009900990099,18.828165711308,13.0496881680296,1.53010666031659e-10,6.4242621066721e-08,4.88943857619964e-08,"Fabp4/Scd1/Lcn2/Elovl6/Oxtr/Prlr/Acsl1/Adipoq/Plac8/Lpin1",10
"GO:0120161","regulation of cold-induced thermogenesis","11/152","151/28905",0.0728476821192053,13.8530411293133,11.5134219920906,5.04120313074764e-10,1.85201200015842e-07,1.4095469280051e-07,"Fabp4/Rbpj/Scd1/Lcn2/Elovl6/Oxtr/Prlr/Acsl1/Adipoq/Plac8/Lpin1",11
"GO:0006641","triglyceride metabolic process","10/152","116/28905",0.0862068965517241,16.3934891107078,12.0784709647301,6.07480093743052e-10,1.98375999501203e-07,1.50981894643741e-07,"Scd1/Slc27a1/Cyp2e1/Thrsp/Pck1/Gpam/Cidec/Dbi/Acsl1/Lpin1",10
"GO:0016053","organic acid biosynthetic process","14/152","328/28905",0.0426829268292683,8.11677631578947,9.42477750587189,2.37007864088161e-09,6.96566112555104e-07,5.30149169670886e-07,"Scd1/Acacb/Fasn/Acaca/Plod2/Mlxipl/Elovl6/Fmo1/Ces1d/Glul/Abhd2/Acss2/Acot7/Hacd2",14
"GO:0072329","monocarboxylic acid catabolic process","10/152","136/28905",0.0735294117647059,13.9826818885449,11.0339413954836,2.8945925650613e-09,7.73382504428652e-07,5.88613320646437e-07,"Acacb/Hexb/Pck1/Ces1d/Dbi/Abhd2/Adipoq/Acot7/Echdc1/Lpin1",10
"GO:0009062","fatty acid catabolic process","9/152","107/28905",0.0841121495327103,15.9951426463355,11.2984927878079,5.60067319416182e-09,1.37169820980347e-06,1.04398513487665e-06,"Acacb/Pck1/Ces1d/Dbi/Abhd2/Adipoq/Acot7/Echdc1/Lpin1",9
"GO:0006633","fatty acid biosynthetic process","10/152","162/28905",0.0617283950617284,11.7385477582846,9.96543357887011,1.56654906334244e-08,3.54160592089495e-06,2.69547915757302e-06,"Scd1/Acacb/Fasn/Acaca/Mlxipl/Elovl6/Abhd2/Acss2/Acot7/Hacd2",10
"GO:0046394","carboxylic acid biosynthetic process","13/152","325/28905",0.04,7.60657894736842,8.70856070299002,1.95186494307184e-08,3.78232081236153e-06,2.87868473926622e-06,"Scd1/Acacb/Fasn/Acaca/Plod2/Mlxipl/Elovl6/Ces1d/Glul/Abhd2/Acss2/Acot7/Hacd2",13
"GO:0046486","glycerolipid metabolic process","14/152","388/28905",0.0360824742268041,6.8616047205643,8.45161410708915,1.9881558421306e-08,3.78232081236153e-06,2.87868473926622e-06,"Scd1/Slc27a1/Cyp2e1/Thrsp/Pck1/Socs2/Ces1d/Gpam/Cidec/Dbi/Abhd2/Ip6k2/Acsl1/Lpin1",14
"GO:0006637","acyl-CoA metabolic process","8/152","88/28905",0.0909090909090909,17.2876794258373,11.125905115642,2.18780040184233e-08,3.78232081236153e-06,2.87868473926622e-06,"Acacb/Fasn/Acaca/Ces1d/Gpam/Acss2/Acsl1/Acot7",8
"GO:0035383","thioester metabolic process","8/152","88/28905",0.0909090909090909,17.2876794258373,11.125905115642,2.18780040184233e-08,3.78232081236153e-06,2.87868473926622e-06,"Acacb/Fasn/Acaca/Ces1d/Gpam/Acss2/Acsl1/Acot7",8
"GO:0072330","monocarboxylic acid biosynthetic process","11/152","228/28905",0.0482456140350877,9.17460180055402,9.01003251001879,3.77367822738229e-08,6.16157795015363e-06,4.68951241706863e-06,"Scd1/Acacb/Fasn/Acaca/Mlxipl/Elovl6/Ces1d/Abhd2/Acss2/Acot7/Hacd2",11
"GO:0019216","regulation of lipid metabolic process","13/152","377/28905",0.0344827586206897,6.55739564428312,7.89706139872744,1.10100890546e-07,1.70308693323523e-05,1.29620162000138e-05,"Acacb/Slc27a1/Thrsp/Pck1/Mlxipl/Kit/Fmo1/Ces1d/Gpam/Cidec/Dbi/Adipoq/Rack1",13
"GO:0019432","triglyceride biosynthetic process","6/152","47/28905",0.127659574468085,24.2763157894737,11.6115244538698,1.72104407977074e-07,2.44092641036521e-05,1.85776351498937e-05,"Slc27a1/Thrsp/Pck1/Gpam/Acsl1/Lpin1",6
"GO:0033865","nucleoside bisphosphate metabolic process","8/152","116/28905",0.0689655172413793,13.1147912885662,9.50584716501507,1.91021801423613e-07,2.44092641036521e-05,1.85776351498937e-05,"Acacb/Fasn/Acaca/Ces1d/Gpam/Acss2/Acsl1/Acot7",8
"GO:0033875","ribonucleoside bisphosphate metabolic process","8/152","116/28905",0.0689655172413793,13.1147912885662,9.50584716501507,1.91021801423613e-07,2.44092641036521e-05,1.85776351498937e-05,"Acacb/Fasn/Acaca/Ces1d/Gpam/Acss2/Acsl1/Acot7",8
"GO:0034032","purine nucleoside bisphosphate metabolic process","8/152","116/28905",0.0689655172413793,13.1147912885662,9.50584716501507,1.91021801423613e-07,2.44092641036521e-05,1.85776351498937e-05,"Acacb/Fasn/Acaca/Ces1d/Gpam/Acss2/Acsl1/Acot7",8
"GO:0048732","gland development","14/152","491/28905",0.0285132382892057,5.42220495229928,7.18575839069665,3.55692242177874e-07,4.35574791566989e-05,3.31511409924554e-05,"Rbpj/Scd1/Fasn/Tgm2/Slc12a2/Pck1/Socs2/Areg/Gata3/Ptn/Pgr/Csn3/Tgfbr3/Prlr",14
"GO:0044242","cellular lipid catabolic process","10/152","232/28905",0.0431034482758621,8.1967445553539,8.002076502812,4.53337940267843e-07,5.32944082578877e-05,4.05618157081755e-05,"Acacb/Hexb/Pck1/Ces1d/Dbi/Abhd2/Adipoq/Acot7/Echdc1/Lpin1",10
"GO:0016054","organic acid catabolic process","10/152","241/28905",0.04149377593361,7.8906420615855,7.81014326854933,6.41918427786669e-07,6.98740096024082e-05,5.31803765710204e-05,"Acacb/Hexb/Pck1/Ces1d/Dbi/Abhd2/Adipoq/Acot7/Echdc1/Lpin1",10
"GO:0046395","carboxylic acid catabolic process","10/152","241/28905",0.04149377593361,7.8906420615855,7.81014326854933,6.41918427786669e-07,6.98740096024082e-05,5.31803765710204e-05,"Acacb/Hexb/Pck1/Ces1d/Dbi/Abhd2/Adipoq/Acot7/Echdc1/Lpin1",10
"GO:0046460","neutral lipid biosynthetic process","6/152","63/28905",0.0952380952380952,18.1109022556391,9.88529615615819,1.01620774536453e-06,0.000102987398745736,7.83826300871009e-05,"Slc27a1/Thrsp/Pck1/Gpam/Acsl1/Lpin1",6
"GO:0046463","acylglycerol biosynthetic process","6/152","63/28905",0.0952380952380952,18.1109022556391,9.88529615615819,1.01620774536453e-06,0.000102987398745736,7.83826300871009e-05,"Slc27a1/Thrsp/Pck1/Gpam/Acsl1/Lpin1",6
"GO:0006790","sulfur compound metabolic process","11/152","321/28905",0.0342679127725857,6.51653959665519,7.22631585949418,1.15148742344479e-06,0.000112807384583474,8.58565184147428e-05,"Ghr/Acacb/Fasn/Acaca/Hexb/Fmo1/Ces1d/Gpam/Acss2/Acsl1/Acot7",11
"GO:0050873","brown fat cell differentiation","6/152","65/28905",0.0923076923076923,17.5536437246964,9.71430735662331,1.22472901429819e-06,0.00011611221203298,8.8371787958698e-05,"Fabp4/Scd1/Lrg1/Adig/Adipoq/Plac8",6
"GO:0019221","cytokine-mediated signaling pathway","13/152","471/28905",0.0276008492569002,5.24870097217566,6.75937943680875,1.36046451954942e-06,0.000124950163217367,9.50982600013983e-05,"Ghr/Slc27a1/Krt18/Il31ra/Kit/Krt8/Gas6/Prlr/Acsl1/Adipoq/Nfkbia/Iigp1/Rack1",13
"GO:0016042","lipid catabolic process","11/152","344/28905",0.0319767441860465,6.08084072827417,6.89266678652443,2.25006579208572e-06,0.000200392223119392,0.000152516421313625,"Acacb/Hexb/Pck1/Ces1d/Cidec/Dbi/Abhd2/Adipoq/Acot7/Echdc1/Lpin1",11
"GO:0030879","mammary gland development","8/152","165/28905",0.0484848484848485,9.2200956937799,7.69900585085937,2.77644477219941e-06,0.000233142033871259,0.000177441959125526,"Fasn/Slc12a2/Socs2/Areg/Gata3/Pgr/Csn3/Prlr",8
"GO:0045834","positive regulation of lipid metabolic process","8/152","165/28905",0.0484848484848485,9.2200956937799,7.69900585085937,2.77644477219941e-06,0.000233142033871259,0.000177441959125526,"Slc27a1/Pck1/Mlxipl/Ces1d/Gpam/Dbi/Adipoq/Rack1",8
"GO:0044282","small molecule catabolic process","11/152","353/28905",0.0311614730878187,5.92580512896973,6.7702623474362,2.88322397525124e-06,0.000235383201757317,0.000179147688520728,"Acacb/Hexb/Pck1/Ces1d/Dbi/Abhd2/Adipoq/Acot7/Echdc1/Aldoa/Lpin1",11
"GO:1901652","response to peptide","12/152","467/28905",0.0256959314775161,4.88645328524738,6.15632520716965,7.26421693259269e-06,0.0005770144206727,0.000439159629637538,"Ghr/Slc27a1/Pck1/Ccnd3/Socs2/Gpam/Ngfr/Tgfbr3/Ano1/Adipoq/Nfkbia/Lpin1",12
"GO:0019693","ribose phosphate metabolic process","12/152","474/28905",0.0253164556962025,4.81429047301799,6.08787956660872,8.43363773314295e-06,0.000652275297308083,0.000496439894263955,"Acacb/Fasn/Acaca/Tkt/Mlxipl/Ces1d/Gpam/Entpd1/Acss2/Acsl1/Acot7/Aldoa",12
"GO:0003254","regulation of membrane depolarization","5/152","54/28905",0.0925925925925926,17.6078216374269,8.88154054267663,9.67134737963032e-06,0.000728822819198295,0.0005546994111124,"Ngfr/Cacna1g/Ank3/Cacna1c/Rack1",5
"GO:0033209","tumor necrosis factor-mediated signaling pathway","6/152","94/28905",0.0638297872340425,12.1381578947368,7.86425010502503,1.06513038776178e-05,0.000782604552407969,0.000595632124735207,"Krt18/Krt8/Gas6/Adipoq/Nfkbia/Rack1",6
"GO:0007611","learning or memory","10/152","335/28905",0.0298507462686567,5.67655145326002,6.25968077986365,1.1988144644698e-05,0.000859345295384574,0.000654038700127942,"Taco1/Kit/Lcn2/Ptn/Oxtr/Dbi/Acss2/Synpo/Pgrmc1/Cacna1c",10
"GO:0009749","response to glucose","8/152","206/28905",0.0388349514563107,7.38502810424118,6.6868599487191,1.41577264621484e-05,0.0009907037636251,0.000754014253936476,"Pck1/Mlxipl/Gpam/Glul/Gas6/Ano1/Adipoq/Rack1",8
"GO:0009746","response to hexose","8/152","208/28905",0.0384615384615385,7.31401821862348,6.64474678015063,1.51813609828989e-05,0.00103762837043581,0.000789728080505757,"Pck1/Mlxipl/Gpam/Glul/Gas6/Ano1/Adipoq/Rack1",8
"GO:0034284","response to monosaccharide","8/152","209/28905",0.0382775119617225,7.27902291614203,6.62389920733371,1.57160834852684e-05,0.00104976294007281,0.000798963574310892,"Pck1/Mlxipl/Gpam/Glul/Gas6/Ano1/Adipoq/Rack1",8
"GO:0009150","purine ribonucleotide metabolic process","11/152","441/28905",0.0249433106575964,4.74333154314357,5.75955340099075,2.32204089020103e-05,0.00149966657901884,0.00114138051983848,"Acacb/Fasn/Acaca/Mlxipl/Ces1d/Gpam/Entpd1/Acss2/Acsl1/Acot7/Aldoa",11
"GO:0045017","glycerolipid biosynthetic process","8/152","221/28905",0.0361990950226244,6.8837818528221,6.3839875068799,2.34721546903255e-05,0.00149966657901884,0.00114138051983848,"Slc27a1/Thrsp/Pck1/Socs2/Gpam/Ip6k2/Acsl1/Lpin1",8
"GO:1904951","positive regulation of establishment of protein localization","10/152","364/28905",0.0274725274725275,5.2242987275882,5.89698343092784,2.44268562895198e-05,0.00152745809861487,0.00116253235420447,"Ptpn5/Hsp90ab1/Glul/Gas6/Ano1/Nlgn2/Pgrmc1/Ank3/Cacna1c/Rack1",10
"GO:0009743","response to carbohydrate","8/152","224/28905",0.0357142857142857,6.79158834586466,6.32679461098513,2.58467450199191e-05,0.00157584221574633,0.00119935699878618,"Pck1/Mlxipl/Gpam/Glul/Gas6/Ano1/Adipoq/Rack1",8
"GO:0006869","lipid transport","11/152","447/28905",0.0246085011185682,4.67966266336983,5.70057634395529,2.62729733145867e-05,0.00157584221574633,0.00119935699878618,"Fabp4/Slc27a1/Gramd1b/Slco2a1/Ces1d/Cidec/Dbi/Vldlr/Acsl1/Adipoq/Nfkbia",11
"GO:0050890","cognition","10/152","376/28905",0.0265957446808511,5.05756578947368,5.75804963541989,3.21540150094952e-05,0.00189001300225813,0.00143846909253005,"Taco1/Kit/Lcn2/Ptn/Oxtr/Dbi/Acss2/Synpo/Pgrmc1/Cacna1c",10
"GO:0009259","ribonucleotide metabolic process","11/152","460/28905",0.0239130434782609,4.54741132723112,5.57630707384689,3.4098955095263e-05,0.00196503586323486,0.00149556820593259,"Acacb/Fasn/Acaca/Mlxipl/Ces1d/Gpam/Entpd1/Acss2/Acsl1/Acot7/Aldoa",11
"GO:0006084","acetyl-CoA metabolic process","4/152","36/28905",0.111111111111111,21.1293859649123,8.78668572924927,3.79774028294488e-05,0.00214645359453365,0.0016336433403356,"Acacb/Fasn/Acaca/Acss2",4
"GO:0051222","positive regulation of protein transport","9/152","309/28905",0.029126213592233,5.53877107818089,5.83208789250385,4.00205033137014e-05,0.00221925017432016,0.00168904805445115,"Ptpn5/Hsp90ab1/Glul/Gas6/Ano1/Nlgn2/Pgrmc1/Cacna1c/Rack1",9
"GO:1905954","positive regulation of lipid localization","6/152","126/28905",0.0476190476190476,9.05545112781955,6.5886505836003,5.61277351174174e-05,0.00297437679661409,0.00226376701448933,"Acacb/Ces1d/Dbi/Acsl1/Adipoq/Nfkbia",6
"GO:0033866","nucleoside bisphosphate biosynthetic process","4/152","40/28905",0.1,19.016447368421,8.29034412564547,5.79662503151934e-05,0.00297437679661409,0.00226376701448933,"Acacb/Acss2/Acsl1/Acot7",4
"GO:0034030","ribonucleoside bisphosphate biosynthetic process","4/152","40/28905",0.1,19.016447368421,8.29034412564547,5.79662503151934e-05,0.00297437679661409,0.00226376701448933,"Acacb/Acss2/Acsl1/Acot7",4
"GO:0034033","purine nucleoside bisphosphate biosynthetic process","4/152","40/28905",0.1,19.016447368421,8.29034412564547,5.79662503151934e-05,0.00297437679661409,0.00226376701448933,"Acacb/Acss2/Acsl1/Acot7",4
"GO:0048638","regulation of developmental growth","10/152","404/28905",0.0247524752475248,4.70704142782699,5.45565952329906,5.86981470580529e-05,0.00297437679661409,0.00226376701448933,"Ghr/Rbpj/Acacb/Socs2/Map2/Gpam/Tgfbr3/Naca/Plac8/Cacna1c",10
"GO:0046459","short-chain fatty acid metabolic process","3/152","15/28905",0.2,38.0328947368421,10.4308261091472,6.19277965978752e-05,0.00299833473147016,0.0022820011476779,"Pck1/Ces1d/Acss2",3
"GO:0061180","mammary gland epithelium development","5/152","79/28905",0.0632911392405063,12.035726182545,7.14136871812935,6.20171015924203e-05,0.00299833473147016,0.0022820011476779,"Slc12a2/Areg/Gata3/Pgr/Prlr",5
"GO:0055088","lipid homeostasis","7/152","187/28905",0.0374331550802139,7.11845623416831,6.10301941584598,6.22315136507927e-05,0.00299833473147016,0.0022820011476779,"Fabp4/Scd1/Acaca/Gramd1b/Mlxipl/Ces1d/Gpam",7
"GO:2000146","negative regulation of cell motility","9/152","332/28905",0.0271084337349398,5.15506103360812,5.53640324911957,6.95272910622192e-05,0.00328500004064972,0.00250017911082562,"Gata3/Ptn/Cdh11/Hc/Ngfr/Tgfbr3/Abhd2/Adipoq/Adamts9",9
"GO:0051968","positive regulation of synaptic transmission, glutamatergic","4/152","42/28905",0.0952380952380952,18.1109022556391,8.06837373642135,7.04168093096062e-05,0.00328500004064972,0.00250017911082562,"Oxtr/Glul/Ngfr/Nlgn2",4
"GO:0071356","cellular response to tumor necrosis factor","7/152","193/28905",0.0362694300518135,6.8971570766294,5.97652600740033,7.58929207768209e-05,0.00343297571396457,0.00261280184530173,"Fabp4/Krt18/Krt8/Gas6/Adipoq/Nfkbia/Rack1",7
"GO:1904181","positive regulation of membrane depolarization","3/152","16/28905",0.1875,35.6558388157895,10.0815971154073,7.59249477399445e-05,0.00343297571396457,0.00261280184530173,"Ank3/Cacna1c/Rack1",3
"GO:0006643","membrane lipid metabolic process","7/152","194/28905",0.0360824742268041,6.8616047205643,5.95596887792321,7.83910749112284e-05,0.00349077832066818,0.00265679480361021,"Hexb/St6galnac3/Kit/Elovl6/Itgb8/Hacd2/Rack1",7
"GO:0086012","membrane depolarization during cardiac muscle cell action potential","3/152","17/28905",0.176470588235294,33.5584365325077,9.76311603176737,9.18391859353258e-05,0.0040285875740884,0.00306611579124222,"Cacna1g/Ank3/Cacna1c",3
"GO:1901653","cellular response to peptide","9/152","346/28905",0.0260115606936416,4.94647474901126,5.36951507032486,9.51867122747471e-05,0.00409339546432507,0.0031154403974466,"Ghr/Slc27a1/Pck1/Socs2/Gpam/Ngfr/Ano1/Adipoq/Lpin1",9
"GO:0045444","fat cell differentiation","8/152","270/28905",0.0296296296296296,5.63450292397661,5.56282803794375,9.6102173201235e-05,0.00409339546432507,0.0031154403974466,"Fabp4/Scd1/Lrg1/Arxes2/Adig/Adipoq/Plac8/Lpin1",8
"GO:0042742","defense response to bacterium","10/152","430/28905",0.0232558139534884,4.42242962056303,5.19871576562869,9.82098891961874e-05,0.00412341234782278,0.00313828593296088,"Rbpj/Scd1/Wfdc18/Dmbt1/Lcn2/H2-Q10/Slc15a2/Fau/Plac8/Iigp1",10
"GO:0046322","negative regulation of fatty acid oxidation","3/152","18/28905",0.166666666666667,31.6940789473684,9.47106514281079,0.000109782294851254,0.00454436851503992,0.00345867126106618,"Acacb/Fmo1/Dbi",3
"GO:0006665","sphingolipid metabolic process","6/152","145/28905",0.0413793103448276,7.86887477313975,6.02884814742514,0.000122073935158768,0.00498299021432804,0.0037925016405319,"Hexb/St6galnac3/Kit/Elovl6/Itgb8/Hacd2",6
"GO:0098739","import across plasma membrane","7/152","209/28905",0.0334928229665072,6.36914505162428,5.66404616235506,0.000124657222082709,0.00501873391371344,0.00381970579561292,"Slc27a1/Slc12a2/Slc36a2/Lcn2/Slc15a2/Acsl1/Cacna1c",7
"GO:0040013","negative regulation of locomotion","9/152","364/28905",0.0247252747252747,4.70186885482938,5.16768834500966,0.000139453277449219,0.0054922925539405,0.00418012631475925,"Gata3/Ptn/Cdh11/Hc/Ngfr/Tgfbr3/Abhd2/Adipoq/Adamts9",9
"GO:0034612","response to tumor necrosis factor","7/152","213/28905",0.0328638497652582,6.2495366938473,5.59100077512758,0.000140157176436046,0.0054922925539405,0.00418012631475925,"Fabp4/Krt18/Krt8/Gas6/Adipoq/Nfkbia/Rack1",7
"GO:0006739","NADP metabolic process","4/152","51/28905",0.0784313725490196,14.9148606811146,7.23136233453232,0.00015154765044926,0.00586050716671545,0.00446037059840273,"Acacb/Tkt/Fmo1/Me1",4
"GO:0031589","cell-substrate adhesion","9/152","369/28905",0.024390243902439,4.63815789473684,5.11396044254974,0.000154427282559597,0.00589430887587864,0.00448609672507373,"Egflam/Frem1/Ptn/Cdh11/Sned1/Gas6/Itgb8/Adamts9/Col13a1",9
"GO:0006687","glycosphingolipid metabolic process","4/152","53/28905",0.0754716981132075,14.3520357497517,7.07386301722721,0.000176136882294049,0.00655273793749632,0.0049872201848748,"Hexb/St6galnac3/Kit/Itgb8",4
"GO:0090207","regulation of triglyceride metabolic process","4/152","53/28905",0.0754716981132075,14.3520357497517,7.07386301722721,0.000176136882294049,0.00655273793749632,0.0049872201848748,"Slc27a1/Thrsp/Gpam/Cidec",4
"GO:0042593","glucose homeostasis","8/152","298/28905",0.0268456375838926,5.105086541858,5.17909022950024,0.000188950119844095,0.00692789022583844,0.00527274466069973,"Pck1/Mlxipl/Ngfr/Gas6/Ano1/Adipoq/Cacna1c/Rack1",8
"GO:0046890","regulation of lipid biosynthetic process","7/152","224/28905",0.03125,5.94263980263158,5.3993939140475,0.000190996299987796,0.00692789022583844,0.00527274466069973,"Slc27a1/Thrsp/Pck1/Mlxipl/Ces1d/Gpam/Dbi",7
"GO:0033500","carbohydrate homeostasis","8/152","299/28905",0.0267558528428094,5.08801267382503,5.16628602451325,0.00019329261603224,0.00692789022583844,0.00527274466069973,"Pck1/Mlxipl/Ngfr/Gas6/Ano1/Adipoq/Cacna1c/Rack1",8
"GO:0060749","mammary gland alveolus development","3/152","22/28905",0.136363636363636,25.931519138756,8.50546610676466,0.000204013525839868,0.0071380446719449,0.00543269100764059,"Socs2/Areg/Prlr",3
"GO:0061377","mammary gland lobule development","3/152","22/28905",0.136363636363636,25.931519138756,8.50546610676466,0.000204013525839868,0.0071380446719449,0.00543269100764059,"Socs2/Areg/Prlr",3
"GO:0019915","lipid storage","5/152","102/28905",0.0490196078431373,9.3217879256966,6.12148872189601,0.000208031161542531,0.00719298333851176,0.00547450425111925,"Acacb/Hexb/Ces1d/Cidec/Nfkbia",5
"GO:0032370","positive regulation of lipid transport","5/152","103/28905",0.0485436893203883,9.23128513030148,6.08462925558053,0.000217727018295502,0.00744069426477301,0.00566303444159046,"Ces1d/Dbi/Acsl1/Adipoq/Nfkbia",5
"GO:0062012","regulation of small molecule metabolic process","9/152","389/28905",0.0231362467866324,4.39969219320796,4.90827945715314,0.000228442076450811,0.00771714095044752,0.00587343511745885,"Acacb/Mlxipl/Kit/Fmo1/Ces1d/Dbi/Entpd1/Adipoq/Me1",9
"GO:0045860","positive regulation of protein kinase activity","8/152","308/28905",0.025974025974026,4.93933697881066,5.05356015240204,0.000236195912698519,0.00788840667523805,0.00600378366608078,"Ccnd3/Kit/Hsp90ab1/Gas6/Vldlr/Ip6k2/Prlr/Adipoq",8
"GO:0045765","regulation of angiogenesis","8/152","310/28905",0.0258064516129032,4.90747028862479,5.02910458172622,0.000246717830536748,0.00814723262862361,0.00620077338723345,"Slc12a2/Ptn/Lrg1/Hc/Glul/Ngfr/Itgb8/Adamts9",8
"GO:0009266","response to temperature stimulus","6/152","167/28905",0.0359281437125748,6.83225653955247,5.49573483499936,0.000262862224806389,0.00858391198562198,0.00653312547033423,"Slc27a1/Hsp90ab1/Ces1d/Ngfr/Ano1/Plac8",6
"GO:0050872","white fat cell differentiation","3/152","24/28905",0.125,23.7705592105263,8.11395117468609,0.000266072002967186,0.00859324853539076,0.00654023142053522,"Fabp4/Scd1/Adig",3
"GO:0043434","response to peptide hormone","9/152","399/28905",0.0225563909774436,4.28942421844084,4.81057931050206,0.000275284765563884,0.00879415136948104,0.00669313646250863,"Ghr/Slc27a1/Pck1/Ccnd3/Socs2/Gpam/Tgfbr3/Adipoq/Lpin1",9
"GO:0051899","membrane depolarization","5/152","109/28905",0.0458715596330275,8.72314099468856,5.87354521119284,0.0002833272205015,0.00886696126977813,0.00674855131472521,"Ngfr/Cacna1g/Ank3/Cacna1c/Rack1",5
"GO:0015850","organic hydroxy compound transport","8/152","317/28905",0.0252365930599369,4.7991034368255,4.9451338206523,0.000286614944072447,0.00886696126977813,0.00674855131472521,"Acacb/Gramd1b/Tgm2/Oxtr/Ces1d/Entpd1/Adipoq/Nfkbia",8
"GO:1901342","regulation of vasculature development","8/152","317/28905",0.0252365930599369,4.7991034368255,4.9451338206523,0.000286614944072447,0.00886696126977813,0.00674855131472521,"Slc12a2/Ptn/Lrg1/Hc/Glul/Ngfr/Itgb8/Adamts9",8
"GO:0030336","negative regulation of cell migration","8/152","319/28905",0.0250783699059561,4.76901501402409,4.9215930489105,0.000298935437381691,0.00915178385900823,0.00696532680302735,"Ptn/Cdh11/Hc/Ngfr/Tgfbr3/Abhd2/Adipoq/Adamts9",8
"GO:0009755","hormone-mediated signaling pathway","6/152","172/28905",0.0348837209302326,6.63364443084455,5.3879351021671,0.000307921224413047,0.00924337933005612,0.00703503915630782,"Ghr/Slc27a1/Ddx5/Pgr/Abhd2/Acsl1",6
"GO:0019217","regulation of fatty acid metabolic process","5/152","111/28905",0.045045045045045,8.56596728307255,5.80676344653193,0.000308217480212827,0.00924337933005612,0.00703503915630782,"Acacb/Mlxipl/Fmo1/Dbi/Adipoq",5
"GO:0034764","positive regulation of transmembrane transport","7/152","243/28905",0.0288065843621399,5.47798895386615,5.09673548761921,0.000313223148085486,0.00929861446690146,0.00707707804020902,"Slc36a2/Lcn2/Fgf14/Dbi/Acsl1/Adipoq/Cacna1c",7
"GO:0010565","regulation of cellular ketone metabolic process","6/152","174/28905",0.0344827586206897,6.55739564428312,5.34600986098234,0.000327553627839713,0.00962680112220915,0.00732685746483568,"Acacb/Mlxipl/Fmo1/Ces1d/Dbi/Adipoq",6
"GO:0010866","regulation of triglyceride biosynthetic process","3/152","26/28905",0.115384615384615,21.9420546558704,7.7673714318895,0.000339167352987152,0.00977267500420823,0.00743788054796386,"Slc27a1/Thrsp/Gpam",3
"GO:0051791","medium-chain fatty acid metabolic process","3/152","26/28905",0.115384615384615,21.9420546558704,7.7673714318895,0.000339167352987152,0.00977267500420823,0.00743788054796386,"Ces1d/Abhd2/Acot7",3
"GO:0030198","extracellular matrix organization","8/152","327/28905",0.0244648318042813,4.6523418638339,4.82934873621204,0.000352627239172155,0.00999632095566381,0.00760809513826242,"Egflam/Hmcn1/Papln/Col24a1/Tgfbr3/Col7a1/Adamts9/Col13a1",8
"GO:0001678","intracellular glucose homeostasis","6/152","177/28905",0.0338983050847458,6.44625334522748,5.28434255634808,0.000358827335414254,0.00999632095566381,0.00760809513826242,"Pck1/Mlxipl/Ngfr/Gas6/Ano1/Rack1",6
"GO:0045229","external encapsulating structure organization","8/152","328/28905",0.024390243902439,4.63815789473684,4.81802815876788,0.00035985862057221,0.00999632095566381,0.00760809513826242,"Egflam/Hmcn1/Papln/Col24a1/Tgfbr3/Col7a1/Adamts9/Col13a1",8
"GO:0019395","fatty acid oxidation","5/152","115/28905",0.0434782608695652,8.26802059496567,5.67810504987864,0.000362935101422886,0.00999632095566381,0.00760809513826242,"Acacb/Fmo1/Dbi/Adipoq/Echdc1",5
"GO:0043062","extracellular structure organization","8/152","329/28905",0.0243161094224924,4.62406015037594,4.80675308514677,0.000367210461969844,0.00999632095566381,0.00760809513826242,"Egflam/Hmcn1/Papln/Col24a1/Tgfbr3/Col7a1/Adamts9/Col13a1",8
"GO:0045833","negative regulation of lipid metabolic process","5/152","116/28905",0.0431034482758621,8.1967445553539,5.64691146544257,0.000377693306490256,0.00999632095566381,0.00760809513826242,"Acacb/Slc27a1/Fmo1/Cidec/Dbi",5
"GO:0046889","positive regulation of lipid biosynthetic process","5/152","116/28905",0.0431034482758621,8.1967445553539,5.64691146544257,0.000377693306490256,0.00999632095566381,0.00760809513826242,"Slc27a1/Pck1/Mlxipl/Gpam/Dbi",5
"GO:0000289","nuclear-transcribed mRNA poly(A) tail shortening","3/152","27/28905",0.111111111111111,21.1293859649123,7.60830719237272,0.00038009589087567,0.00999632095566381,0.00760809513826242,"Samd4/Tob1/Pabpc1",3
"GO:0046473","phosphatidic acid metabolic process","3/152","27/28905",0.111111111111111,21.1293859649123,7.60830719237272,0.00038009589087567,0.00999632095566381,0.00760809513826242,"Slc27a1/Gpam/Lpin1",3
"GO:0022618","protein-RNA complex assembly","6/152","179/28905",0.0335195530726257,6.37422816818583,5.24401861173476,0.000380941798922881,0.00999632095566381,0.00760809513826242,"mt-Rnr2/mt-Rnr1/Luc7l3/Znhit6/Fau/Sf3b1",6
"GO:1905477","positive regulation of protein localization to membrane","5/152","118/28905",0.0423728813559322,8.05781668153434,5.58563251667931,0.00040856568506948,0.0104734757539853,0.00797125265565403,"Ptn/Nlgn2/Pgrmc1/Ank3/Rack1",5
"GO:0015718","monocarboxylic acid transport","6/152","182/28905",0.032967032967033,6.26915847310584,5.18467145979521,0.000416096583952429,0.0104734757539853,0.00797125265565403,"Fabp4/Acacb/Slc27a1/Slco2a1/Ces1d/Acsl1",6
"GO:0046496","nicotinamide nucleotide metabolic process","6/152","182/28905",0.032967032967033,6.26915847310584,5.18467145979521,0.000416096583952429,0.0104734757539853,0.00797125265565403,"Acacb/Tkt/Mlxipl/Fmo1/Me1/Aldoa",6
"GO:0001573","ganglioside metabolic process","3/152","28/28905",0.107142857142857,20.374765037594,7.45759182879323,0.000424070641280795,0.0104734757539853,0.00797125265565403,"Hexb/St6galnac3/Itgb8",3
"GO:0035384","thioester biosynthetic process","3/152","28/28905",0.107142857142857,20.374765037594,7.45759182879323,0.000424070641280795,0.0104734757539853,0.00797125265565403,"Acacb/Acss2/Acsl1",3
"GO:0046184","aldehyde biosynthetic process","3/152","28/28905",0.107142857142857,20.374765037594,7.45759182879323,0.000424070641280795,0.0104734757539853,0.00797125265565403,"Pck1/Tkt/Aldoa",3
"GO:0071616","acyl-CoA biosynthetic process","3/152","28/28905",0.107142857142857,20.374765037594,7.45759182879323,0.000424070641280795,0.0104734757539853,0.00797125265565403,"Acacb/Acss2/Acsl1",3
"GO:0042180","cellular ketone metabolic process","7/152","257/28905",0.0272373540856031,5.1795771042392,4.89340245121086,0.000438306224907411,0.0106706586102105,0.0081213264614521,"Acacb/Mlxipl/Fmo1/Ces1d/Dbi/Adipoq/Aldoa",7
"GO:0019362","pyridine nucleotide metabolic process","6/152","184/28905",0.0326086956521739,6.20101544622426,5.14584218166213,0.000440905852371373,0.0106706586102105,0.0081213264614521,"Acacb/Tkt/Mlxipl/Fmo1/Me1/Aldoa",6
"GO:0050678","regulation of epithelial cell proliferation","9/152","426/28905",0.0211267605633803,4.01755930318755,4.56202259296477,0.000442946699709317,0.0106706586102105,0.0081213264614521,"Rbpj/Gata3/Ptn/Lrg1/Glul/Ngfr/Pgr/Tgfbr3/Mtss1",9
"GO:0006959","humoral immune response","8/152","339/28905",0.023598820058997,4.48765719608756,4.69643277871651,0.000447692201772891,0.0106972957805734,0.00814159973271197,"Rbpj/Cfd/Wfdc18/Dmbt1/Gata3/Hc/H2-Q10/Fau",8
"GO:0062014","negative regulation of small molecule metabolic process","5/152","121/28905",0.0413223140495868,7.85803610265333,5.49637132590483,0.000458398356970511,0.0108647804123898,0.00826907053108944,"Acacb/Fmo1/Dbi/Entpd1/Adipoq",5
"GO:0060444","branching involved in mammary gland duct morphogenesis","3/152","29/28905",0.103448275862069,19.6721869328494,7.31450355012411,0.00047118370921332,0.0110784713710236,0.00843170848065941,"Slc12a2/Areg/Pgr",3
"GO:0051347","positive regulation of transferase activity","9/152","431/28905",0.0208816705336427,3.97095188667725,4.51823899488673,0.000481714393462208,0.0112361793840113,0.00855173839688548,"Ccnd3/Kit/Hsp90ab1/Gas6/Dbi/Vldlr/Ip6k2/Prlr/Adipoq",9
"GO:0050764","regulation of phagocytosis","5/152","123/28905",0.040650406504065,7.73026315789474,5.43855222294525,0.000494075465128996,0.0114337621418435,0.00870211656360643,"Camk1d/Tgm2/Gas6/Adipoq/Rack1",5
"GO:0007219","Notch signaling pathway","6/152","189/28905",0.0317460317460317,6.03696741854637,5.05123132112984,0.000507993227206152,0.0115735821299138,0.00880853209149794,"Rbpj/Cfd/Kit/Krt19/Sorbs2/Nfkbia",6
"GO:0071826","protein-RNA complex organization","6/152","189/28905",0.0317460317460317,6.03696741854637,5.05123132112984,0.000507993227206152,0.0115735821299138,0.00880853209149794,"mt-Rnr2/mt-Rnr1/Luc7l3/Znhit6/Fau/Sf3b1",6
"GO:0034440","lipid oxidation","5/152","124/28905",0.0403225806451613,7.66792232597623,5.4101290053109,0.000512678245495313,0.0115904720270056,0.00882138681520275,"Acacb/Fmo1/Dbi/Adipoq/Echdc1",5
"GO:0007612","learning","6/152","192/28905",0.03125,5.94263980263158,4.99608107238513,0.000551900773776639,0.0122881543494662,0.00935238552053715,"Taco1/Kit/Ptn/Synpo/Pgrmc1/Cacna1c",6
"GO:1905952","regulation of lipid localization","6/152","192/28905",0.03125,5.94263980263158,4.99608107238513,0.000551900773776639,0.0122881543494662,0.00935238552053715,"Acacb/Ces1d/Dbi/Acsl1/Adipoq/Nfkbia",6
"GO:0072524","pyridine-containing compound metabolic process","6/152","193/28905",0.0310880829015544,5.9118489228252,4.97795674258431,0.000567173753017276,0.0125332606023893,0.00953893332142233,"Acacb/Tkt/Mlxipl/Fmo1/Me1/Aldoa",6
"GO:0086010","membrane depolarization during action potential","3/152","31/28905",0.0967741935483871,18.403013582343,7.0487322840679,0.000575184853425884,0.0126154349568558,0.00960147536158682,"Cacna1g/Ank3/Cacna1c",3
"GO:0001676","long-chain fatty acid metabolic process","5/152","128/28905",0.0390625,7.42829975328947,5.29953216410727,0.000592402754161487,0.012896827366523,0.00981564017616499,"Slc27a1/Cyp2e1/Elovl6/Acsl1/Acot7",5
"GO:0033674","positive regulation of kinase activity","8/152","355/28905",0.0225352112676056,4.28539659006672,4.5285389593745,0.000605828683738423,0.0130921360404943,0.00996428756148721,"Ccnd3/Kit/Hsp90ab1/Gas6/Vldlr/Ip6k2/Prlr/Adipoq",8
"GO:0007626","locomotory behavior","7/152","273/28905",0.0256410256410256,4.87601214574899,4.67842634120219,0.000627050120417993,0.0134518270358283,0.0102380446092066,"Negr1/Hexb/Nav2/Fgf14/Adgrl3/Nlgn2/Cacna1c",7
"GO:0050995","negative regulation of lipid catabolic process","3/152","32/28905",0.09375,17.8279194078947,6.92498191006163,0.000632248829448698,0.0134650674619545,0.0102481217587985,"Acacb/Cidec/Dbi",3
"GO:0009152","purine ribonucleotide biosynthetic process","6/152","199/28905",0.0301507537688442,5.73360222163449,4.87181899216921,0.000665836313265491,0.0140783663646567,0.0107148971275212,"Acacb/Entpd1/Acss2/Acsl1/Acot7/Aldoa",6
"GO:0010875","positive regulation of cholesterol efflux","3/152","33/28905",0.0909090909090909,17.2876794258373,6.80670508765091,0.000692802958119009,0.0145439135279412,0.0110692201955105,"Ces1d/Adipoq/Nfkbia",3
"GO:0008380","RNA splicing","9/152","455/28905",0.0197802197802198,3.7614950838635,4.3168605880778,0.00070870525050374,0.0147722321363865,0.011242991096084,"Malat1/Srrm2/Luc7l3/Clk1/Ddx5/Prpf4b/Pabpc1/Hnrnpa2b1/Sf3b1",9
"GO:0014812","muscle cell migration","5/152","134/28905",0.0373134328358209,7.09568931657502,5.1422943284631,0.000728981241688265,0.0150878582346606,0.0114832108123615,"Net1/Pgr/Abhd2/Naca/Adipoq",5
"GO:0006635","fatty acid beta-oxidation","4/152","77/28905",0.051948051948052,9.87867395762133,5.67211986744146,0.000738284235802417,0.015173548035128,0.0115484284216425,"Acacb/Dbi/Adipoq/Echdc1",4
"GO:0071353","cellular response to interleukin-4","3/152","34/28905",0.0882352941176471,16.7792182662539,6.69349918483494,0.000756931141074831,0.015448754330687,0.0117578850495908,"Fasn/Hsp90ab1/Gata3",3
"GO:0000038","very long-chain fatty acid metabolic process","3/152","35/28905",0.0857142857142857,16.2998120300752,6.58500200487536,0.000824715692191372,0.0167161339265548,0.0127224743804477,"Elovl6/Acsl1/Hacd2",3
"GO:0002573","myeloid leukocyte differentiation","7/152","287/28905",0.024390243902439,4.63815789473684,4.50362310086428,0.000840608266106325,0.0169215595485376,0.0128788216688965,"Rbpj/Fasn/Kit/Gata3/Itgb8/Adipoq/Ifi205",7
"GO:0046942","carboxylic acid transport","8/152","374/28905",0.0213903743315508,4.0676892766676,4.34158050560495,0.000849318083192048,0.0169805839898056,0.0129237445526896,"Fabp4/Acacb/Slc27a1/Slc12a2/Slc36a2/Slco2a1/Ces1d/Acsl1",8
"GO:0030258","lipid modification","6/152","209/28905",0.0287081339712919,5.45926718710652,4.70419311737641,0.000859276600470877,0.0170636076269183,0.0129869329729773,"Acacb/Cyp2e1/Fmo1/Dbi/Adipoq/Echdc1",6
"GO:0015849","organic acid transport","8/152","376/28905",0.0212765957446809,4.04605263157895,4.32262177738048,0.000878957634461065,0.0173372918636313,0.013195231177886,"Fabp4/Acacb/Slc27a1/Slc12a2/Slc36a2/Slco2a1/Ces1d/Acsl1",8
"GO:0070670","response to interleukin-4","3/152","36/28905",0.0833333333333333,15.8470394736842,6.48088670426515,0.00089623735486064,0.0175602772395695,0.0133649430110797,"Fasn/Hsp90ab1/Gata3",3
"GO:0009260","ribonucleotide biosynthetic process","6/152","211/28905",0.028436018957346,5.40752057869793,4.6719610717182,0.000902681909305747,0.0175694180890701,0.0133719000158572,"Acacb/Entpd1/Acss2/Acsl1/Acot7/Aldoa",6
"GO:0008360","regulation of cell shape","5/152","142/28905",0.0352112676056338,6.69593217197924,4.94710441321713,0.000946103971382481,0.0182934182361389,0.0139229289417436,"Hexb/Kit/Ptn/Shroom3/Aldoa",5
"GO:0061384","heart trabecula morphogenesis","3/152","37/28905",0.0810810810810811,15.4187411095306,6.38085747060958,0.00097157531912009,0.018663136358784,0.0142043175309955,"Rbpj/Tgfbr3/Naca",3
"GO:1905475","regulation of protein localization to membrane","6/152","215/28905",0.027906976744186,5.30691554467564,4.60871123398926,0.000994546556184242,0.0189803397962694,0.0144457377436194,"Ptn/Sorbs2/Nlgn2/Pgrmc1/Ank3/Rack1",6
"GO:0071375","cellular response to peptide hormone stimulus","7/152","296/28905",0.0236486486486486,4.49713282361309,4.39709481224218,0.00100573676101707,0.0190700667137365,0.0145140279603481,"Ghr/Slc27a1/Pck1/Socs2/Gpam/Adipoq/Lpin1",7
"GO:0046390","ribose phosphate biosynthetic process","6/152","219/28905",0.0273972602739726,5.20998558038933,4.54701989896171,0.00109343829956457,0.0206000971950017,0.0156785181280344,"Acacb/Entpd1/Acss2/Acsl1/Acot7/Aldoa",6
"GO:0045922","negative regulation of fatty acid metabolic process","3/152","39/28905",0.0769230769230769,14.628036437247,6.19200747589373,0.00113400924751149,0.0211761262340616,0.0161169277940513,"Acacb/Fmo1/Dbi",3
"GO:0001503","ossification","9/152","487/28905",0.0184804928131417,3.51433318923592,4.06864445349215,0.00114035959511087,0.0211761262340616,0.0161169277940513,"Rbpj/Areg/Ptn/Ddx5/Tgfbr3/Tob1/Bmp8a/Mtss1/Col13a1",9
"GO:0048639","positive regulation of developmental growth","6/152","221/28905",0.0271493212669683,5.16283638961657,4.51673705267482,0.00114562914978421,0.0211761262340616,0.0161169277940513,"Ghr/Rbpj/Acacb/Gpam/Tgfbr3/Naca",6
"GO:0035265","organ growth","6/152","222/28905",0.027027027027027,5.13958036984353,4.50173271459023,0.00117243029855583,0.0214926426134361,0.0163578250939459,"Rbpj/Acacb/Sorbs2/Tgfbr3/Prlr/Cacna1c",6
"GO:0007178","transmembrane receptor protein serine/threonine kinase signaling pathway","8/152","394/28905",0.0203045685279188,3.86120758749666,4.15767406092302,0.00118489209355382,0.0214926426134361,0.0163578250939459,"Rbpj/Lrg1/Ddx5/Itgb8/Tgfbr3/Tob1/Bmp8a/Trps1",8
"GO:0010745","negative regulation of macrophage derived foam cell differentiation","2/152","10/28905",0.2,38.0328947368421,8.51599695332161,0.00120247982092554,0.0214926426134361,0.0163578250939459,"Adipoq/Nfkbia",2
"GO:0035907","dorsal aorta development","2/152","10/28905",0.2,38.0328947368421,8.51599695332161,0.00120247982092554,0.0214926426134361,0.0163578250939459,"Rbpj/Ngfr",2
"GO:0060562","epithelial tube morphogenesis","8/152","395/28905",0.020253164556962,3.85143237841439,4.14879715877965,0.00120410073158243,0.0214926426134361,0.0163578250939459,"Rbpj/Slc12a2/Areg/Lcn2/Gata3/Pgr/Shroom3/Mtss1",8
"GO:0051966","regulation of synaptic transmission, glutamatergic","4/152","88/28905",0.0454545454545455,8.64383971291866,5.2214089645086,0.00121664350356317,0.0214926426134361,0.0163578250939459,"Oxtr/Glul/Ngfr/Nlgn2",4
"GO:0043001","Golgi to plasma membrane protein transport","3/152","40/28905",0.075,14.2623355263158,6.10271954145903,0.00122125597701389,0.0214926426134361,0.0163578250939459,"Krt18/Ank3/Rack1",3
"GO:0110110","positive regulation of animal organ morphogenesis","3/152","40/28905",0.075,14.2623355263158,6.10271954145903,0.00122125597701389,0.0214926426134361,0.0163578250939459,"Rbpj/Gata3/Ngfr",3
"GO:0002065","columnar/cuboidal epithelial cell differentiation","5/152","151/28905",0.033112582781457,6.29683687696061,4.74476955096874,0.00124416048218482,0.0217654027210785,0.0165654199539019,"Fasn/Dmbt1/Il31ra/Pgr/Shroom3",5
"GO:0040014","regulation of multicellular organism growth","4/152","89/28905",0.0449438202247191,8.54671791839148,5.18436367342133,0.00126874423174981,0.0220445249217383,0.0167778569361916,"Ghr/Socs2/Gpam/Plac8",4
"GO:0042391","regulation of membrane potential","9/152","495/28905",0.0181818181818182,3.45753588516746,4.0098307026311,0.00127620914461498,0.0220445249217383,0.0167778569361916,"Ptn/Fgf14/Ngfr/Ano1/Cacna1g/Nlgn2/Ank3/Cacna1c/Rack1",9
"GO:0050807","regulation of synapse organization","7/152","309/28905",0.0226537216828479,4.30793306080736,4.25052421037282,0.00128821151434446,0.0220445249217383,0.0167778569361916,"Malat1/Negr1/Ptn/Oxtr/Adgrl3/Nlgn2/Pgrmc1",7
"GO:0000375","RNA splicing, via transesterification reactions","7/152","310/28905",0.0225806451612903,4.29403650254669,4.23958542066389,0.00131227242453145,0.0220445249217383,0.0167778569361916,"Malat1/Srrm2/Luc7l3/Ddx5/Prpf4b/Hnrnpa2b1/Sf3b1",7
"GO:0000377","RNA splicing, via transesterification reactions with bulged adenosine as nucleophile","7/152","310/28905",0.0225806451612903,4.29403650254669,4.23958542066389,0.00131227242453145,0.0220445249217383,0.0167778569361916,"Malat1/Srrm2/Luc7l3/Ddx5/Prpf4b/Hnrnpa2b1/Sf3b1",7
"GO:0000398","mRNA splicing, via spliceosome","7/152","310/28905",0.0225806451612903,4.29403650254669,4.23958542066389,0.00131227242453145,0.0220445249217383,0.0167778569361916,"Malat1/Srrm2/Luc7l3/Ddx5/Prpf4b/Hnrnpa2b1/Sf3b1",7
"GO:0060603","mammary gland duct morphogenesis","3/152","41/28905",0.0731707317073171,13.9144736842105,6.01657823298651,0.00131262057206676,0.0220445249217383,0.0167778569361916,"Slc12a2/Areg/Pgr",3
"GO:0030099","myeloid cell differentiation","9/152","500/28905",0.018,3.42296052631579,3.97368219434956,0.00136755547252896,0.022836622350924,0.0173807139899764,"Rbpj/Fasn/Kit/Gata3/Itgb8/Tgfbr3/Adipoq/Ifi205/Nfkbia",9
"GO:0035850","epithelial cell differentiation involved in kidney development","3/152","42/28905",0.0714285714285714,13.5831766917293,5.93339677963733,0.00140817470766346,0.0233820647786605,0.0177958445066003,"Gata3/Adipoq/Mtss1",3
"GO:0035336","long-chain fatty-acyl-CoA metabolic process","2/152","11/28905",0.181818181818182,34.5753588516746,8.09789903226755,0.00146462927857874,0.0237820190593531,0.0181002455189289,"Acsl1/Acot7",2
"GO:0035701","hematopoietic stem cell migration","2/152","11/28905",0.181818181818182,34.5753588516746,8.09789903226755,0.00146462927857874,0.0237820190593531,0.0181002455189289,"Kit/Gas6",2
"GO:0086016","AV node cell action potential","2/152","11/28905",0.181818181818182,34.5753588516746,8.09789903226755,0.00146462927857874,0.0237820190593531,0.0181002455189289,"Cacna1g/Cacna1c",2
"GO:0086027","AV node cell to bundle of His cell signaling","2/152","11/28905",0.181818181818182,34.5753588516746,8.09789903226755,0.00146462927857874,0.0237820190593531,0.0181002455189289,"Cacna1g/Cacna1c",2
"GO:0050803","regulation of synapse structure or activity","7/152","317/28905",0.0220820189274448,4.19921550722231,4.16428482861733,0.00149071068875627,0.0239566405968559,0.018233148141444,"Malat1/Negr1/Ptn/Oxtr/Adgrl3/Nlgn2/Pgrmc1",7
"GO:0006164","purine nucleotide biosynthetic process","6/152","233/28905",0.0257510729613734,4.89693923650328,4.34241960436149,0.00150004474225863,0.0239566405968559,0.018233148141444,"Acacb/Entpd1/Acss2/Acsl1/Acot7/Aldoa",6
"GO:0035264","multicellular organism growth","6/152","233/28905",0.0257510729613734,4.89693923650328,4.34241960436149,0.00150004474225863,0.0239566405968559,0.018233148141444,"Ghr/Slc12a2/Socs2/Atrx/Gpam/Plac8",6
"GO:0043277","apoptotic cell clearance","3/152","43/28905",0.0697674418604651,13.2672888616891,5.85300364474292,0.00150798860511002,0.0239566405968559,0.018233148141444,"Tgm2/Gas6/Mfge8",3
"GO:0022612","gland morphogenesis","5/152","158/28905",0.0316455696202532,6.01786309127249,4.59843733784326,0.00152005215012921,0.024018458436719,0.0182801970516387,"Tgm2/Slc12a2/Areg/Ptn/Pgr",5
"GO:0006664","glycolipid metabolic process","4/152","94/28905",0.0425531914893617,8.0921052631579,5.00747880284523,0.00155283833333373,0.0243028170722845,0.018496619429668,"Hexb/St6galnac3/Kit/Itgb8",4
"GO:0032368","regulation of lipid transport","5/152","159/28905",0.0314465408805031,5.98001489572989,4.57825184819927,0.00156285553816324,0.0243028170722845,0.018496619429668,"Ces1d/Dbi/Acsl1/Adipoq/Nfkbia",5
"GO:0071333","cellular response to glucose stimulus","5/152","159/28905",0.0314465408805031,5.98001489572989,4.57825184819927,0.00156285553816324,0.0243028170722845,0.018496619429668,"Pck1/Mlxipl/Gas6/Ano1/Rack1",5
"GO:0010874","regulation of cholesterol efflux","3/152","44/28905",0.0681818181818182,12.965759569378,5.77524096201828,0.00161213104812942,0.0247142916379117,0.0188097884101511,"Ces1d/Adipoq/Nfkbia",3
"GO:0032228","regulation of synaptic transmission, GABAergic","3/152","44/28905",0.0681818181818182,12.965759569378,5.77524096201828,0.00161213104812942,0.0247142916379117,0.0188097884101511,"Oxtr/Dbi/Nlgn2",3
"GO:1903509","liposaccharide metabolic process","4/152","95/28905",0.0421052631578947,8.00692520775623,4.97366856513017,0.00161454372047603,0.0247142916379117,0.0188097884101511,"Hexb/St6galnac3/Kit/Itgb8",4
"GO:0071331","cellular response to hexose stimulus","5/152","161/28905",0.031055900621118,5.90572899640405,4.5383927326316,0.00165111341825078,0.0251431209131556,0.0191361658782814,"Pck1/Mlxipl/Gas6/Ano1/Rack1",5
"GO:0007160","cell-matrix adhesion","6/152","238/28905",0.0252100840336134,4.79406236178682,4.27327661661194,0.00167015446465988,0.0253019792352339,0.0192570712827034,"Frem1/Cdh11/Sned1/Itgb8/Adamts9/Col13a1",6
"GO:0071326","cellular response to monosaccharide stimulus","5/152","162/28905",0.0308641975308642,5.8692738791423,4.51871393713215,0.00169658972914745,0.0254122983072571,0.0193410339725009,"Pck1/Mlxipl/Gas6/Ano1/Rack1",5
"GO:0006909","phagocytosis","6/152","239/28905",0.0251046025104603,4.77400352345298,4.25967916393785,0.00170586630396865,0.0254122983072571,0.0193410339725009,"Camk1d/Tgm2/Gas6/Mfge8/Adipoq/Rack1",6
"GO:0010976","positive regulation of neuron projection development","6/152","239/28905",0.0251046025104603,4.77400352345298,4.25967916393785,0.00170586630396865,0.0254122983072571,0.0193410339725009,"Negr1/Camk1d/Ptpn5/Ptn/Ngfr/Vldlr",6
"GO:0042220","response to cocaine","3/152","45/28905",0.0666666666666667,12.6776315789474,5.69996316373779,0.00172066939882414,0.0254122983072571,0.0193410339725009,"Tgm2/Adgrl3/Pgr",3
"GO:0046320","regulation of fatty acid oxidation","3/152","45/28905",0.0666666666666667,12.6776315789474,5.69996316373779,0.00172066939882414,0.0254122983072571,0.0193410339725009,"Acacb/Fmo1/Dbi",3
"GO:0072522","purine-containing compound biosynthetic process","6/152","240/28905",0.025,4.75411184210526,4.24615692977223,0.00174215544486752,0.0254834094730232,0.0193951559356653,"Acacb/Entpd1/Acss2/Acsl1/Acot7/Aldoa",6
"GO:0015911","long-chain fatty acid import across plasma membrane","2/152","12/28905",0.166666666666667,31.6940789473684,7.73228932753018,0.00175149667014314,0.0254834094730232,0.0193951559356653,"Slc27a1/Acsl1",2
"GO:0046166","glyceraldehyde-3-phosphate biosynthetic process","2/152","12/28905",0.166666666666667,31.6940789473684,7.73228932753018,0.00175149667014314,0.0254834094730232,0.0193951559356653,"Pck1/Tkt",2
"GO:1904062","regulation of monoatomic cation transmembrane transport","7/152","328/28905",0.0213414634146341,4.05838815789474,4.05023660091721,0.00180877980415956,0.0258761128708387,0.0196940383770105,"Taco1/Slc36a2/Lcn2/Fgf14/Dbi/Ank3/Cacna1c",7
"GO:0030595","leukocyte chemotaxis","6/152","242/28905",0.0247933884297521,4.714821661592,4.21933508133495,0.00181648982366494,0.0258761128708387,0.0196940383770105,"Camk1d/Slc12a2/Kit/Ptn/Hc/Gas6",6
"GO:0009409","response to cold","3/152","46/28905",0.0652173913043478,12.4020308924485,5.62703577362142,0.00183366961349789,0.0258761128708387,0.0196940383770105,"Slc27a1/Ces1d/Plac8",3
"GO:0032373","positive regulation of sterol transport","3/152","46/28905",0.0652173913043478,12.4020308924485,5.62703577362142,0.00183366961349789,0.0258761128708387,0.0196940383770105,"Ces1d/Adipoq/Nfkbia",3
"GO:0032376","positive regulation of cholesterol transport","3/152","46/28905",0.0652173913043478,12.4020308924485,5.62703577362142,0.00183366961349789,0.0258761128708387,0.0196940383770105,"Ces1d/Adipoq/Nfkbia",3
"GO:0001837","epithelial to mesenchymal transition","5/152","165/28905",0.0303030303030303,5.76255980861244,4.46065072689124,0.00183853953869792,0.0258761128708387,0.0196940383770105,"Rbpj/Gata3/Lrg1/Ddx5/Tgfbr3",5
"GO:0010631","epithelial cell migration","7/152","329/28905",0.0212765957446809,4.04605263157895,4.04011585813296,0.0018401182681202,0.0258761128708387,0.0196940383770105,"Kit/Lcn2/Gata3/Lrg1/Glul/Tgfbr3/Adamts9",7
"GO:1904019","epithelial cell apoptotic process","5/152","166/28905",0.0301204819277108,5.72784559289791,4.44161272172336,0.001887733056073,0.0264192735799931,0.0201074323015295,"Krt18/Krt8/Gata3/Gas6/Pgr",5
"GO:0090132","epithelium migration","7/152","331/28905",0.0211480362537764,4.021605183654,4.01999376629347,0.00190405951459904,0.026521473523254,0.020185215607498,"Kit/Lcn2/Gata3/Lrg1/Glul/Tgfbr3/Adamts9",7
"GO:0090130","tissue migration","7/152","333/28905",0.021021021021021,3.99745139876719,4.00002892863044,0.00196971202896822,0.0273065266657434,0.0207827113284879,"Kit/Lcn2/Gata3/Lrg1/Glul/Tgfbr3/Adamts9",7
"GO:0007613","memory","5/152","168/28905",0.0297619047619048,5.65965695488722,4.40399744103668,0.00198900158464424,0.0274444866538471,0.0208877112298938,"Lcn2/Ptn/Oxtr/Acss2/Pgrmc1",5
"GO:0050680","negative regulation of epithelial cell proliferation","5/152","169/28905",0.029585798816568,5.6261678604796,4.38541570929531,0.00204109869860458,0.0279383538628505,0.0212635883879434,"Gata3/Ptn/Ngfr/Tgfbr3/Mtss1",5
"GO:0042761","very long-chain fatty acid biosynthetic process","2/152","13/28905",0.153846153846154,29.2560728744939,7.4089021851195,0.0020628182334939,0.0279383538628505,0.0212635883879434,"Elovl6/Hacd2",2
"GO:0060213","positive regulation of nuclear-transcribed mRNA poly(A) tail shortening","2/152","13/28905",0.153846153846154,29.2560728744939,7.4089021851195,0.0020628182334939,0.0279383538628505,0.0212635883879434,"Tob1/Pabpc1",2
"GO:0086067","AV node cell to bundle of His cell communication","2/152","13/28905",0.153846153846154,29.2560728744939,7.4089021851195,0.0020628182334939,0.0279383538628505,0.0212635883879434,"Cacna1g/Cacna1c",2
"GO:0071322","cellular response to carbohydrate stimulus","5/152","170/28905",0.0294117647058824,5.59307275541796,4.36698168834409,0.00209418580760121,0.0279871486818327,0.0213007256134003,"Pck1/Mlxipl/Gas6/Ano1/Rack1",5
"GO:0032890","regulation of organic acid transport","4/152","102/28905",0.0392156862745098,7.45743034055728,4.75007142156193,0.0020949890132709,0.0279871486818327,0.0213007256134003,"Slc12a2/Slc36a2/Ces1d/Acsl1",4
"GO:0042632","cholesterol homeostasis","4/152","102/28905",0.0392156862745098,7.45743034055728,4.75007142156193,0.0020949890132709,0.0279871486818327,0.0213007256134003,"Fabp4/Scd1/Gramd1b/Ces1d",4
"GO:0055092","sterol homeostasis","4/152","103/28905",0.0388349514563107,7.38502810424118,4.71986186673949,0.00217083798276487,0.0288239950379595,0.0219376406066023,"Fabp4/Scd1/Gramd1b/Ces1d",4
"GO:0030100","regulation of endocytosis","7/152","339/28905",0.0206489675516224,3.92670004657662,3.94105534443944,0.00217724630773291,0.0288239950379595,0.0219376406066023,"Camk1d/Tgm2/Ptpn5/Gas6/Adipoq/Ank3/Rack1",7
"GO:0048545","response to steroid hormone","6/152","255/28905",0.0235294117647059,4.47445820433437,4.05185648918524,0.00235992401774928,0.0310515353635115,0.0236329982082921,"Pck1/Areg/Oxtr/Ddx5/Pgr/Abhd2",6
"GO:0006957","complement activation, alternative pathway","2/152","14/28905",0.142857142857143,27.1663533834586,7.12008403003379,0.00239833226523209,0.0310515353635115,0.0236329982082921,"Cfd/Hc",2
"GO:0048733","sebaceous gland development","2/152","14/28905",0.142857142857143,27.1663533834586,7.12008403003379,0.00239833226523209,0.0310515353635115,0.0236329982082921,"Rbpj/Scd1",2
"GO:0072160","nephron tubule epithelial cell differentiation","2/152","14/28905",0.142857142857143,27.1663533834586,7.12008403003379,0.00239833226523209,0.0310515353635115,0.0236329982082921,"Gata3/Mtss1",2
"GO:1904393","regulation of skeletal muscle acetylcholine-gated channel clustering","2/152","14/28905",0.142857142857143,27.1663533834586,7.12008403003379,0.00239833226523209,0.0310515353635115,0.0236329982082921,"Ptn/Sorbs2",2
"GO:0002367","cytokine production involved in immune response","5/152","176/28905",0.0284090909090909,5.40239982057416,4.25936391662512,0.00243412029004183,0.031376664615934,0.0238804506756182,"Il31ra/Kit/Gata3/H2-Q10/Gas6",5
"GO:0060421","positive regulation of heart growth","3/152","51/28905",0.0588235294117647,11.1861455108359,5.29360017819627,0.00246781067561378,0.0316720330813489,0.0241052525197852,"Rbpj/Acacb/Tgfbr3",3
"GO:0033157","regulation of intracellular protein transport","5/152","177/28905",0.0282485875706215,5.37187778768956,4.24190693679086,0.00249444857360659,0.0318747145992598,0.0242595112993776,"Ptpn5/Hsp90ab1/Gas6/Adipoq/Ifi27",5
"GO:0010594","regulation of endothelial cell migration","5/152","178/28905",0.0280898876404494,5.34169869899468,4.22458187528921,0.0025558558959112,0.0324338774863384,0.0246850843138444,"Lcn2/Gata3/Glul/Tgfbr3/Adamts9",5
"GO:0050806","positive regulation of synaptic transmission","7/152","349/28905",0.0200573065902579,3.81418715125924,3.84570696456564,0.00256027886248061,0.0324338774863384,0.0246850843138444,"Ptpn5/Ptn/Oxtr/Glul/Ngfr/Dbi/Nlgn2",7
"GO:0009410","response to xenobiotic stimulus","7/152","350/28905",0.02,3.80328947368421,3.83636634346104,0.00260125997782525,0.032811601179521,0.0249725658589503,"Cyp2e1/Ptpn5/Lcn2/Fmo1/Gas6/Acsl1/Adipoq",7
"GO:0015711","organic anion transport","8/152","451/28905",0.0177383592017738,3.37320574162679,3.69327106716813,0.00274659838308563,0.0332176753859881,0.0252816246826614,"Fabp4/Acacb/Slc27a1/Slc12a2/Slc36a2/Slco2a1/Ces1d/Acsl1",8
"GO:0071772","response to BMP","5/152","181/28905",0.0276243093922652,5.2531622564699,4.17338033849198,0.00274666382692392,0.0332176753859881,0.0252816246826614,"Rbpj/Gata3/Ddx5/Tgfbr3/Tob1",5
"GO:0071773","cellular response to BMP stimulus","5/152","181/28905",0.0276243093922652,5.2531622564699,4.17338033849198,0.00274666382692392,0.0332176753859881,0.0252816246826614,"Rbpj/Gata3/Ddx5/Tgfbr3/Tob1",5
"GO:0001941","postsynaptic membrane organization","3/152","53/28905",0.0566037735849057,10.7640268123138,5.1729481152809,0.00275485560087166,0.0332176753859881,0.0252816246826614,"Ptn/Sorbs2/Nlgn2",3
"GO:0007617","mating behavior","3/152","53/28905",0.0566037735849057,10.7640268123138,5.1729481152809,0.00275485560087166,0.0332176753859881,0.0252816246826614,"Hexb/Oxtr/Pgr",3
"GO:0032355","response to estradiol","3/152","53/28905",0.0566037735849057,10.7640268123138,5.1729481152809,0.00275485560087166,0.0332176753859881,0.0252816246826614,"Ghr/Socs2/Areg",3
"GO:0061005","cell differentiation involved in kidney development","3/152","53/28905",0.0566037735849057,10.7640268123138,5.1729481152809,0.00275485560087166,0.0332176753859881,0.0252816246826614,"Gata3/Adipoq/Mtss1",3
"GO:0030497","fatty acid elongation","2/152","15/28905",0.133333333333333,25.3552631578947,6.85999613715807,0.00275777910656043,0.0332176753859881,0.0252816246826614,"Elovl6/Hacd2",2
"GO:0051451","myoblast migration","2/152","15/28905",0.133333333333333,25.3552631578947,6.85999613715807,0.00275777910656043,0.0332176753859881,0.0252816246826614,"Net1/Naca",2
"GO:0060211","regulation of nuclear-transcribed mRNA poly(A) tail shortening","2/152","15/28905",0.133333333333333,25.3552631578947,6.85999613715807,0.00275777910656043,0.0332176753859881,0.0252816246826614,"Tob1/Pabpc1",2
"GO:1900153","positive regulation of nuclear-transcribed mRNA catabolic process, deadenylation-dependent decay","2/152","15/28905",0.133333333333333,25.3552631578947,6.85999613715807,0.00275777910656043,0.0332176753859881,0.0252816246826614,"Tob1/Pabpc1",2
"GO:0016525","negative regulation of angiogenesis","4/152","112/28905",0.0357142857142857,6.79158834586466,4.46500988112017,0.00294058973437351,0.035275074405403,0.0268474895189848,"Slc12a2/Ptn/Ngfr/Adamts9",4
"GO:0009165","nucleotide biosynthetic process","6/152","267/28905",0.0224719101123595,4.27335895919574,3.90694328986008,0.00296270341352187,0.035329608911424,0.0268889951601067,"Acacb/Entpd1/Acss2/Acsl1/Acot7/Aldoa",6
"GO:0006913","nucleocytoplasmic transport","7/152","359/28905",0.0194986072423398,3.70794238381469,3.75381788682051,0.00299321967299917,0.035329608911424,0.0268889951601067,"Ptpn5/Hsp90ab1/Ddx5/Gas6/Hnrnpa2b1/Nfkbia/Ifi27",7
"GO:0051169","nuclear transport","7/152","359/28905",0.0194986072423398,3.70794238381469,3.75381788682051,0.00299321967299917,0.035329608911424,0.0268889951601067,"Ptpn5/Hsp90ab1/Ddx5/Gas6/Hnrnpa2b1/Nfkbia/Ifi27",7
"GO:0141091","transforming growth factor beta receptor superfamily signaling pathway","7/152","359/28905",0.0194986072423398,3.70794238381469,3.75381788682051,0.00299321967299917,0.035329608911424,0.0268889951601067,"Rbpj/Lrg1/Ddx5/Itgb8/Tgfbr3/Tob1/Bmp8a",7
"GO:0001890","placenta development","5/152","185/28905",0.027027027027027,5.13958036984353,4.10685293620139,0.0030168591353744,0.0354661959954615,0.0269929501586131,"Rbpj/Krt8/Hsp90ab1/Ptn/Krt19",5
"GO:0051289","protein homotetramerization","3/152","55/28905",0.0545454545454545,10.3726076555024,5.05857344183872,0.00306166229128409,0.0357025616736458,0.0271728455996481,"Acacb/Acaca/Me1",3
"GO:0051954","positive regulation of amine transport","3/152","55/28905",0.0545454545454545,10.3726076555024,5.05857344183872,0.00306166229128409,0.0357025616736458,0.0271728455996481,"Slc12a2/Slc36a2/Oxtr",3
"GO:1901293","nucleoside phosphate biosynthetic process","6/152","269/28905",0.0223048327137546,4.24158677362551,3.88362064304526,0.00307340867758843,0.0357025616736458,0.0271728455996481,"Acacb/Entpd1/Acss2/Acsl1/Acot7/Aldoa",6
"GO:0015908","fatty acid transport","4/152","114/28905",0.0350877192982456,6.67243767313019,4.41217743990856,0.00313394851809427,0.0360590172611836,0.0274441402123942,"Fabp4/Slc27a1/Slco2a1/Acsl1",4
"GO:2000181","negative regulation of blood vessel morphogenesis","4/152","114/28905",0.0350877192982456,6.67243767313019,4.41217743990856,0.00313394851809427,0.0360590172611836,0.0274441402123942,"Slc12a2/Ptn/Ngfr/Adamts9",4
"GO:0010960","magnesium ion homeostasis","2/152","16/28905",0.125,23.7705592105263,6.62409602241287,0.00314090112924907,0.0360590172611836,0.0274441402123942,"Ank3/Mtss1",2
"GO:0061383","trabecula morphogenesis","3/152","56/28905",0.0535714285714286,10.187382518797,5.00356581194103,0.00322261050293881,0.0368378002945655,0.0280368638190404,"Rbpj/Tgfbr3/Naca",3
"GO:1901343","negative regulation of vasculature development","4/152","115/28905",0.0347826086956522,6.61441647597254,4.38623503164304,0.00323380485743378,0.0368378002945655,0.0280368638190404,"Slc12a2/Ptn/Ngfr/Adamts9",4
"GO:0034765","regulation of monoatomic ion transmembrane transport","7/152","366/28905",0.0191256830601093,3.6370254529767,3.69143031750943,0.00332817444432854,0.0375629968768697,0.0285888033392483,"Taco1/Slc36a2/Lcn2/Fgf14/Dbi/Ank3/Cacna1c",7
"GO:0051235","maintenance of location","7/152","366/28905",0.0191256830601093,3.6370254529767,3.69143031750943,0.00332817444432854,0.0375629968768697,0.0285888033392483,"Acacb/Hexb/Ces1d/Cidec/Dbi/Ank3/Nfkbia",7
"GO:0032024","positive regulation of insulin secretion","4/152","116/28905",0.0344827586206897,6.55739564428312,4.36059956558508,0.00333580884139605,0.0375629968768697,0.0285888033392483,"Glul/Ano1/Nlgn2/Cacna1c",4
"GO:0002369","T cell cytokine production","3/152","57/28905",0.0526315789473684,10.0086565096953,4.94992692185112,0.00338865770257951,0.0379104072821259,0.028853213758535,"Il31ra/Gata3/H2-Q10",3
"GO:0031346","positive regulation of cell projection organization","8/152","467/28905",0.0171306209850107,3.25763552349825,3.57620109179551,0.00339245903885645,0.0379104072821259,0.028853213758535,"Negr1/Camk1d/Ptpn5/Kit/Lcn2/Ptn/Ngfr/Vldlr",8
"GO:0006644","phospholipid metabolic process","7/152","368/28905",0.0190217391304348,3.61725901029748,3.67388570641153,0.00342893897410141,0.0381729228972881,0.0290530116426057,"Slc27a1/Hexb/Socs2/Gpam/Dbi/Ip6k2/Lpin1",7
"GO:0071466","cellular response to xenobiotic stimulus","5/152","191/28905",0.0261780104712042,4.9781275833563,4.01058503569951,0.00345743085098408,0.0383448651737442,0.0291838751076114,"Cyp2e1/Fmo1/Gas6/Acsl1/Adipoq",5
"GO:0006939","smooth muscle contraction","4/152","118/28905",0.0338983050847458,6.44625334522748,4.31022384851213,0.00354634809182602,0.0384647477203861,0.0292751164577355,"Kit/Oxtr/Cacna1g/Cacna1c",4
"GO:0007589","body fluid secretion","4/152","118/28905",0.0338983050847458,6.44625334522748,4.31022384851213,0.00354634809182602,0.0384647477203861,0.0292751164577355,"Socs2/Csn3/Ano1/Prlr",4
"GO:0031053","primary miRNA processing","2/152","17/28905",0.117647058823529,22.3722910216718,6.40878922121911,0.0035474427216909,0.0384647477203861,0.0292751164577355,"Ddx5/Hnrnpa2b1",2
"GO:0040015","negative regulation of multicellular organism growth","2/152","17/28905",0.117647058823529,22.3722910216718,6.40878922121911,0.0035474427216909,0.0384647477203861,0.0292751164577355,"Socs2/Plac8",2
"GO:0055089","fatty acid homeostasis","2/152","17/28905",0.117647058823529,22.3722910216718,6.40878922121911,0.0035474427216909,0.0384647477203861,0.0292751164577355,"Mlxipl/Gpam",2
"GO:1902001","fatty acid transmembrane transport","2/152","17/28905",0.117647058823529,22.3722910216718,6.40878922121911,0.0035474427216909,0.0384647477203861,0.0292751164577355,"Slc27a1/Acsl1",2
"GO:0010883","regulation of lipid storage","3/152","58/28905",0.0517241379310345,9.83609346642468,4.89759824574572,0.00355985416126064,0.0384647477203861,0.0292751164577355,"Acacb/Ces1d/Nfkbia",3
"GO:0006650","glycerophospholipid metabolic process","6/152","279/28905",0.021505376344086,4.08955857385399,3.77031284365299,0.00367393857993494,0.0395520347488234,0.0301026392225246,"Slc27a1/Socs2/Gpam/Dbi/Ip6k2/Lpin1",6
"GO:0043124","negative regulation of canonical NF-kappaB signal transduction","3/152","59/28905",0.0508474576271186,9.66938001784121,4.84652472593518,0.00373624893759998,0.0400760424365195,0.0305014559830963,"Tgfbr3/Adipoq/Nfkbia",3
"GO:0001942","hair follicle development","4/152","120/28905",0.0333333333333333,6.33881578947368,4.26100092446527,0.00376574177756536,0.040099692334292,0.0305194556724882,"Rbpj/Ngfr/Dbi/Trps1",4
"GO:0051952","regulation of amine transport","4/152","120/28905",0.0333333333333333,6.33881578947368,4.26100092446527,0.00376574177756536,0.040099692334292,0.0305194556724882,"Slc12a2/Slc36a2/Oxtr/Entpd1",4
"GO:0006893","Golgi to plasma membrane transport","3/152","60/28905",0.05,9.50822368421053,4.79665451243118,0.00391788989174121,0.0411238513993837,0.0312989324058274,"Krt18/Ank3/Rack1",3
"GO:0007595","lactation","3/152","60/28905",0.05,9.50822368421053,4.79665451243118,0.00391788989174121,0.0411238513993837,0.0312989324058274,"Socs2/Csn3/Prlr",3
"GO:0032892","positive regulation of organic acid transport","3/152","60/28905",0.05,9.50822368421053,4.79665451243118,0.00391788989174121,0.0411238513993837,0.0312989324058274,"Slc12a2/Slc36a2/Acsl1",3
"GO:0060443","mammary gland morphogenesis","3/152","60/28905",0.05,9.50822368421053,4.79665451243118,0.00391788989174121,0.0411238513993837,0.0312989324058274,"Slc12a2/Areg/Pgr",3
"GO:0035337","fatty-acyl-CoA metabolic process","2/152","18/28905",0.111111111111111,21.1293859649123,6.21118900767051,0.00397715027504586,0.0411579037266189,0.031324849275287,"Acsl1/Acot7",2
"GO:0035745","T-helper 2 cell cytokine production","2/152","18/28905",0.111111111111111,21.1293859649123,6.21118900767051,0.00397715027504586,0.0411579037266189,0.031324849275287,"Il31ra/Gata3",2
"GO:0072350","tricarboxylic acid metabolic process","2/152","18/28905",0.111111111111111,21.1293859649123,6.21118900767051,0.00397715027504586,0.0411579037266189,0.031324849275287,"Acacb/Pck1",2
"GO:1905809","negative regulation of synapse organization","2/152","18/28905",0.111111111111111,21.1293859649123,6.21118900767051,0.00397715027504586,0.0411579037266189,0.031324849275287,"Ptn/Pgrmc1",2
"GO:0000288","nuclear-transcribed mRNA catabolic process, deadenylation-dependent decay","3/152","61/28905",0.0491803278688525,9.35235116479724,4.74793872604927,0.00410482369919137,0.0416711027034806,0.031715439639296,"Samd4/Tob1/Pabpc1",3
"GO:0001974","blood vessel remodeling","3/152","61/28905",0.0491803278688525,9.35235116479724,4.74793872604927,0.00410482369919137,0.0416711027034806,0.031715439639296,"Rbpj/Tgm2/Tgfbr3",3
"GO:0002066","columnar/cuboidal epithelial cell development","3/152","61/28905",0.0491803278688525,9.35235116479724,4.74793872604927,0.00410482369919137,0.0416711027034806,0.031715439639296,"Fasn/Pgr/Shroom3",3
"GO:0086001","cardiac muscle cell action potential","3/152","61/28905",0.0491803278688525,9.35235116479724,4.74793872604927,0.00410482369919137,0.0416711027034806,0.031715439639296,"Cacna1g/Ank3/Cacna1c",3
"GO:0022404","molting cycle process","4/152","123/28905",0.032520325203252,6.18421052631579,4.18922693223935,0.0041118134685299,0.0416711027034806,0.031715439639296,"Rbpj/Ngfr/Dbi/Trps1",4
"GO:0022405","hair cycle process","4/152","123/28905",0.032520325203252,6.18421052631579,4.18922693223935,0.0041118134685299,0.0416711027034806,0.031715439639296,"Rbpj/Ngfr/Dbi/Trps1",4
"GO:0008306","associative learning","4/152","124/28905",0.032258064516129,6.13433786078098,4.16582989808752,0.00423178464263106,0.042739570669047,0.0325286394125194,"Kit/Synpo/Pgrmc1/Cacna1c",4
"GO:0000956","nuclear-transcribed mRNA catabolic process","4/152","125/28905",0.032,6.08526315789474,4.14268803484754,0.00435409808744464,0.0432528252693788,0.0329192721109687,"Samd4/Ddx5/Tob1/Pabpc1",4
"GO:0046620","regulation of organ growth","4/152","125/28905",0.032,6.08526315789474,4.14268803484754,0.00435409808744464,0.0432528252693788,0.0329192721109687,"Rbpj/Acacb/Tgfbr3/Cacna1c",4
"GO:0060419","heart growth","4/152","125/28905",0.032,6.08526315789474,4.14268803484754,0.00435409808744464,0.0432528252693788,0.0329192721109687,"Rbpj/Acacb/Sorbs2/Tgfbr3",4
"GO:0003159","morphogenesis of an endothelium","2/152","19/28905",0.105263157894737,20.0173130193906,6.02894661097253,0.00442977216947364,0.0432528252693788,0.0329192721109687,"Rbpj/Lcn2",2
"GO:0010867","positive regulation of triglyceride biosynthetic process","2/152","19/28905",0.105263157894737,20.0173130193906,6.02894661097253,0.00442977216947364,0.0432528252693788,0.0329192721109687,"Slc27a1/Gpam",2
"GO:0019682","glyceraldehyde-3-phosphate metabolic process","2/152","19/28905",0.105263157894737,20.0173130193906,6.02894661097253,0.00442977216947364,0.0432528252693788,0.0329192721109687,"Pck1/Tkt",2
"GO:0060396","growth hormone receptor signaling pathway","2/152","19/28905",0.105263157894737,20.0173130193906,6.02894661097253,0.00442977216947364,0.0432528252693788,0.0329192721109687,"Ghr/Socs2",2
"GO:0061154","endothelial tube morphogenesis","2/152","19/28905",0.105263157894737,20.0173130193906,6.02894661097253,0.00442977216947364,0.0432528252693788,0.0329192721109687,"Rbpj/Lcn2",2
"GO:0071378","cellular response to growth hormone stimulus","2/152","19/28905",0.105263157894737,20.0173130193906,6.02894661097253,0.00442977216947364,0.0432528252693788,0.0329192721109687,"Ghr/Socs2",2
"GO:2000136","regulation of cell proliferation involved in heart morphogenesis","2/152","19/28905",0.105263157894737,20.0173130193906,6.02894661097253,0.00442977216947364,0.0432528252693788,0.0329192721109687,"Rbpj/Naca",2
"GO:0015918","sterol transport","4/152","126/28905",0.0317460317460317,6.03696741854637,4.11979637082898,0.0044787747808986,0.0435864870233807,0.0331732185758436,"Gramd1b/Ces1d/Adipoq/Nfkbia",4
"GO:0035458","cellular response to interferon-beta","3/152","63/28905",0.0476190476190476,9.05545112781955,4.65378849579434,0.00449475073502007,0.0435975987136105,0.0331816755668496,"F830016B08Rik/Ifi205/Iigp1",3
"GO:0006979","response to oxidative stress","7/152","388/28905",0.0180412371134021,3.43080236028215,3.50487699172735,0.00456943378434307,0.0441762035927115,0.0336220456777321,"Car3/Gpx3/Lcn2/Net1/Ngfr/Adipoq/Rack1",7
"GO:1903532","positive regulation of secretion by cell","7/152","389/28905",0.0179948586118252,3.42198281693952,3.49671906465886,0.00463314748679762,0.0446453129957318,0.0339790799290593,"Slc12a2/Oxtr/Glul/Ano1/Cacna1g/Nlgn2/Cacna1c",7
"GO:0032386","regulation of intracellular transport","6/152","293/28905",0.0204778156996587,3.89415304472786,3.62026516334022,0.00465584467337656,0.0447174101145546,0.0340339522907643,"Ptpn5/Hsp90ab1/Map2/Gas6/Adipoq/Ifi27",6
"GO:0046622","positive regulation of organ growth","3/152","64/28905",0.046875,8.91395970394737,4.60826929752682,0.00469783151403409,0.044973702995916,0.0342290141173408,"Rbpj/Acacb/Tgfbr3",3
"GO:0000028","ribosomal small subunit assembly","2/152","20/28905",0.1,19.016447368421,5.86012871626031,0.0049050587604544,0.0453454453666236,0.0345119433405832,"mt-Rnr1/Fau",2
"GO:0032230","positive regulation of synaptic transmission, GABAergic","2/152","20/28905",0.1,19.016447368421,5.86012871626031,0.0049050587604544,0.0453454453666236,0.0345119433405832,"Oxtr/Nlgn2",2
"GO:0040037","negative regulation of fibroblast growth factor receptor signaling pathway","2/152","20/28905",0.1,19.016447368421,5.86012871626031,0.0049050587604544,0.0453454453666236,0.0345119433405832,"Gata3/Ngfr",2
"GO:0044539","long-chain fatty acid import into cell","2/152","20/28905",0.1,19.016447368421,5.86012871626031,0.0049050587604544,0.0453454453666236,0.0345119433405832,"Slc27a1/Acsl1",2
"GO:0061323","cell proliferation involved in heart morphogenesis","2/152","20/28905",0.1,19.016447368421,5.86012871626031,0.0049050587604544,0.0453454453666236,0.0345119433405832,"Rbpj/Naca",2
"GO:0071340","skeletal muscle acetylcholine-gated channel clustering","2/152","20/28905",0.1,19.016447368421,5.86012871626031,0.0049050587604544,0.0453454453666236,0.0345119433405832,"Ptn/Sorbs2",2
"GO:1904031","positive regulation of cyclin-dependent protein kinase activity","2/152","20/28905",0.1,19.016447368421,5.86012871626031,0.0049050587604544,0.0453454453666236,0.0345119433405832,"Ccnd3/Hsp90ab1",2
"GO:1904251","regulation of bile acid metabolic process","2/152","20/28905",0.1,19.016447368421,5.86012871626031,0.0049050587604544,0.0453454453666236,0.0345119433405832,"Kit/Ces1d",2
"GO:0003170","heart valve development","3/152","65/28905",0.0461538461538462,8.77682186234818,4.56373467285938,0.00490638027444243,0.0453454453666236,0.0345119433405832,"Rbpj/Gata3/Adamts9",3
"GO:0031641","regulation of myelination","3/152","65/28905",0.0461538461538462,8.77682186234818,4.56373467285938,0.00490638027444243,0.0453454453666236,0.0345119433405832,"Ptn/Ngfr/Lpin1",3
"GO:0032633","interleukin-4 production","3/152","65/28905",0.0461538461538462,8.77682186234818,4.56373467285938,0.00490638027444243,0.0453454453666236,0.0345119433405832,"Rbpj/Gata3/H2-Q10",3
"GO:0015837","amine transport","4/152","130/28905",0.0307692307692308,5.85121457489879,4.03063693709661,0.0050015287638927,0.045935915740877,0.0349613441555,"Slc12a2/Slc36a2/Oxtr/Entpd1",4
"GO:0035249","synaptic transmission, glutamatergic","4/152","130/28905",0.0307692307692308,5.85121457489879,4.03063693709661,0.0050015287638927,0.045935915740877,0.0349613441555,"Oxtr/Glul/Ngfr/Nlgn2",4
"GO:0042255","ribosome assembly","3/152","66/28905",0.0454545454545455,8.64383971291866,4.52014770917633,0.00512043797181872,0.0467540442738098,0.0355840132095936,"mt-Rnr2/mt-Rnr1/Fau",3
"GO:0003014","renal system process","4/152","131/28905",0.0305343511450382,5.80654881478505,4.0089262937728,0.00513833150746532,0.0467540442738098,0.0355840132095936,"Gas6/Slc15a2/Adipoq/Cacna1c",4
"GO:0044272","sulfur compound biosynthetic process","4/152","131/28905",0.0305343511450382,5.80654881478505,4.0089262937728,0.00513833150746532,0.0467540442738098,0.0355840132095936,"Acacb/Fmo1/Acss2/Acsl1",4
"GO:0033344","cholesterol efflux","3/152","67/28905",0.0447761194029851,8.51482717989002,4.47747341758688,0.00534004445755088,0.0484394773479692,0.0368667786624289,"Ces1d/Adipoq/Nfkbia",3
"GO:0006098","pentose-phosphate shunt","2/152","21/28905",0.0952380952380952,18.1109022556391,5.70312743266856,0.00540276236519669,0.0487077257402241,0.0370709397030771,"Acacb/Tkt",2
"GO:0060416","response to growth hormone","2/152","21/28905",0.0952380952380952,18.1109022556391,5.70312743266856,0.00540276236519669,0.0487077257402241,0.0370709397030771,"Ghr/Socs2",2
"GO:0002040","sprouting angiogenesis","4/152","133/28905",0.0300751879699248,5.71923229125445,3.96617009453327,0.0054194154942553,0.0487084469040255,0.0370714885732899,"Glul/Ngfr/Tgfbr3/Adamts9",4
"GO:0050900","leukocyte migration","7/152","402/28905",0.0174129353233831,3.31132168106834,3.39302702984612,0.00552391819412613,0.0491178256080694,0.0373830624154823,"Camk1d/Slc12a2/Kit/Gata3/Ptn/Hc/Gas6",7
"GO:0019079","viral genome replication","4/152","134/28905",0.0298507462686567,5.67655145326002,3.94511642013553,0.00556373654818045,0.0491178256080694,0.0373830624154823,"Eef1a1/Ddx5/Gas6/Ifi205",4
"GO:0046425","regulation of receptor signaling pathway via JAK-STAT","4/152","134/28905",0.0298507462686567,5.67655145326002,3.94511642013553,0.00556373654818045,0.0491178256080694,0.0373830624154823,"Ghr/Socs2/Kit/Prlr",4
"GO:0003229","ventricular cardiac muscle tissue development","3/152","68/28905",0.0441176470588235,8.38960913312694,4.43567860558125,0.00556523849182957,0.0491178256080694,0.0373830624154823,"Rbpj/Tgfbr3/Adamts9",3
"GO:0015909","long-chain fatty acid transport","3/152","68/28905",0.0441176470588235,8.38960913312694,4.43567860558125,0.00556523849182957,0.0491178256080694,0.0373830624154823,"Fabp4/Slc27a1/Acsl1",3
"GO:0046427","positive regulation of receptor signaling pathway via JAK-STAT","3/152","68/28905",0.0441176470588235,8.38960913312694,4.43567860558125,0.00556523849182957,0.0491178256080694,0.0373830624154823,"Ghr/Kit/Prlr",3
